Timestamp,Person ID,Items Detected
2025-11-03 15:40:48,1,NO-Hardhat
2025-11-03 15:40:48,2,"NO-Mask, NO-Safety Vest"
2025-11-03 15:40:48,3,"NO-Mask, NO-Mask, NO-Hardhat, NO-Mask, NO-Safety Vest"
2025-11-03 15:40:48,1,
2025-11-03 15:40:48,2,"NO-Mask, NO-Safety Vest"
2025-11-03 15:40:48,3,"NO-Mask, NO-Mask, NO-Hardhat, NO-Mask, NO-Safety Vest"
2025-11-03 15:40:48,1,NO-Hardhat
2025-11-03 15:40:48,2,"NO-Mask, NO-Safety Vest"
2025-11-03 15:40:48,3,"NO-Mask, NO-Mask, NO-Hardhat, NO-Mask"
2025-11-03 15:40:48,1,NO-Hardhat
2025-11-03 15:40:48,2,"NO-Mask, NO-Safety Vest"
2025-11-03 15:40:48,3,"NO-Mask, NO-Mask, NO-Hardhat"
2025-11-03 15:40:49,1,"NO-Hardhat, NO-Hardhat, NO-Mask"
2025-11-03 15:40:49,2,NO-Safety Vest
2025-11-03 15:40:49,3,"NO-Mask, NO-Mask, NO-Hardhat"
2025-11-03 15:40:49,1,"NO-Hardhat, NO-Mask"
2025-11-03 15:40:49,1,"NO-Hardhat, NO-Hardhat, NO-Mask"
2025-11-03 15:40:49,2,NO-Safety Vest
2025-11-03 15:40:49,3,"NO-Mask, NO-Mask, NO-Hardhat"
2025-11-03 15:40:49,1,"NO-Hardhat, NO-Mask"
2025-11-03 15:40:49,1,"NO-Hardhat, NO-Mask"
2025-11-03 15:40:49,1,"NO-Hardhat, NO-Mask"
2025-11-03 15:40:49,1,"NO-Hardhat, NO-Hardhat, NO-Mask, NO-Safety Vest"
2025-11-03 15:40:49,2,NO-Mask
2025-11-03 15:40:49,3,"NO-Mask, NO-Hardhat"
2025-11-03 15:40:49,1,"NO-Hardhat, NO-Mask"
2025-11-03 15:40:49,1,"NO-Hardhat, NO-Mask"
2025-11-03 15:40:49,1,"NO-Hardhat, NO-Hardhat, NO-Mask, NO-Safety Vest"
2025-11-03 15:40:49,2,NO-Mask
2025-11-03 15:40:49,3,"NO-Mask, NO-Hardhat"
2025-11-03 15:40:49,1,"NO-Hardhat, NO-Mask"
2025-11-03 15:40:49,1,"NO-Hardhat, NO-Hardhat, NO-Mask, NO-Safety Vest"
2025-11-03 15:40:49,2,NO-Mask
2025-11-03 15:40:49,3,"NO-Mask, NO-Hardhat"
2025-11-03 15:40:49,1,"NO-Hardhat, NO-Mask"
2025-11-03 15:40:49,1,"NO-Hardhat, NO-Mask"
2025-11-03 15:40:50,1,"NO-Hardhat, NO-Mask"
2025-11-03 15:40:50,2,
2025-11-03 15:40:50,1,"NO-Hardhat, NO-Hardhat, NO-Mask"
2025-11-03 15:40:50,2,NO-Safety Vest
2025-11-03 15:40:50,3,"NO-Mask, NO-Mask, NO-Hardhat"
2025-11-03 15:40:50,1,"NO-Hardhat, NO-Mask"
2025-11-03 15:40:50,2,
2025-11-03 15:40:50,1,"NO-Hardhat, NO-Hardhat, NO-Mask, NO-Safety Vest"
2025-11-03 15:40:50,2,
2025-11-03 15:40:50,3,"NO-Mask, NO-Mask, NO-Hardhat"
2025-11-03 15:40:50,1,"NO-Hardhat, NO-Mask"
2025-11-03 15:40:50,2,
2025-11-03 15:40:50,1,"NO-Hardhat, NO-Mask"
2025-11-03 15:40:50,1,"NO-Hardhat, NO-Hardhat, NO-Mask, NO-Safety Vest"
2025-11-03 15:40:50,2,
2025-11-03 15:40:50,3,"NO-Mask, NO-Mask, NO-Hardhat"
2025-11-03 15:40:50,1,"NO-Hardhat, NO-Mask"
2025-11-03 15:40:50,1,"NO-Hardhat, NO-Mask"
2025-11-03 15:40:50,1,"NO-Hardhat, NO-Mask"
2025-11-03 15:40:50,1,"NO-Mask, NO-Safety Vest"
2025-11-03 15:40:50,2,
2025-11-03 15:40:50,3,"NO-Mask, NO-Mask, NO-Hardhat, NO-Mask"
2025-11-03 15:40:50,1,"NO-Hardhat, NO-Mask"
2025-11-03 15:40:50,1,"NO-Hardhat, NO-Mask"
2025-11-03 15:40:50,1,"NO-Mask, NO-Safety Vest"
2025-11-03 15:40:50,2,
2025-11-03 15:40:50,3,"NO-Mask, NO-Hardhat, NO-Mask, NO-Mask"
2025-11-03 15:40:50,1,"NO-Hardhat, NO-Mask"
2025-11-03 15:40:50,1,"NO-Hardhat, NO-Mask"
2025-11-03 15:40:50,1,"NO-Hardhat, NO-Mask"
2025-11-03 15:40:50,1,"NO-Hardhat, NO-Mask"
2025-11-03 15:40:50,1,NO-Mask
2025-11-03 15:40:50,2,NO-Safety Vest
2025-11-03 15:40:50,3,"NO-Mask, NO-Mask, NO-Hardhat, NO-Mask"
2025-11-03 15:40:51,1,"NO-Hardhat, NO-Mask"
2025-11-03 15:40:51,2,
2025-11-03 15:40:51,1,"NO-Hardhat, NO-Mask"
2025-11-03 15:40:51,2,
2025-11-03 15:40:51,1,NO-Mask
2025-11-03 15:40:51,2,"NO-Safety Vest, NO-Mask"
2025-11-03 15:40:51,3,"NO-Mask, NO-Hardhat, NO-Mask"
2025-11-03 15:40:51,1,"NO-Hardhat, NO-Mask"
2025-11-03 15:40:51,1,"NO-Hardhat, NO-Mask"
2025-11-03 15:40:51,2,
2025-11-03 15:40:51,1,"NO-Hardhat, NO-Hardhat, NO-Mask"
2025-11-03 15:40:51,2,"NO-Safety Vest, NO-Mask, NO-Mask"
2025-11-03 15:40:51,3,"NO-Hardhat, NO-Mask"
2025-11-03 15:40:51,1,NO-Hardhat
2025-11-03 15:40:51,2,NO-Mask
2025-11-03 15:40:51,1,NO-Hardhat
2025-11-03 15:40:51,2,NO-Mask
2025-11-03 15:40:51,3,
2025-11-03 15:40:51,1,NO-Hardhat
2025-11-03 15:40:51,2,NO-Mask
2025-11-03 15:40:51,3,
2025-11-03 15:40:51,1,"NO-Hardhat, NO-Mask"
2025-11-03 15:40:51,2,"NO-Mask, NO-Safety Vest"
2025-11-03 15:40:51,3,"NO-Mask, NO-Hardhat, NO-Mask, NO-Hardhat"
2025-11-03 15:40:51,1,NO-Hardhat
2025-11-03 15:40:51,2,NO-Mask
2025-11-03 15:40:51,3,
2025-11-03 15:40:51,1,NO-Hardhat
2025-11-03 15:40:51,2,NO-Mask
2025-11-03 15:40:51,1,"NO-Hardhat, NO-Hardhat, NO-Mask, NO-Mask"
2025-11-03 15:40:51,2,
2025-11-03 15:40:51,3,"NO-Safety Vest, NO-Mask, NO-Hardhat, NO-Hardhat, NO-Mask"
2025-11-03 15:40:51,1,NO-Hardhat
2025-11-03 15:40:51,2,NO-Mask
2025-11-03 15:40:51,1,NO-Hardhat
2025-11-03 15:40:51,2,NO-Mask
2025-11-03 15:40:51,3,
2025-11-03 15:40:51,1,NO-Hardhat
2025-11-03 15:40:51,2,NO-Mask
2025-11-03 15:40:51,1,"NO-Hardhat, NO-Hardhat, NO-Mask, NO-Mask"
2025-11-03 15:40:51,2,
2025-11-03 15:40:51,3,"NO-Safety Vest, NO-Mask, NO-Hardhat, NO-Hardhat"
2025-11-03 15:40:52,1,NO-Hardhat
2025-11-03 15:40:52,2,NO-Mask
2025-11-03 15:40:52,1,NO-Hardhat
2025-11-03 15:40:52,2,NO-Mask
2025-11-03 15:40:52,1,"NO-Hardhat, NO-Mask"
2025-11-03 15:40:52,2,"NO-Safety Vest, NO-Mask"
2025-11-03 15:40:52,3,"NO-Mask, NO-Hardhat, NO-Hardhat"
2025-11-03 15:40:52,1,NO-Hardhat
2025-11-03 15:40:52,2,NO-Mask
2025-11-03 15:40:52,1,NO-Hardhat
2025-11-03 15:40:52,2,NO-Mask
2025-11-03 15:40:52,1,NO-Mask
2025-11-03 15:40:52,2,
2025-11-03 15:40:52,3,"NO-Safety Vest, NO-Mask, NO-Mask, NO-Hardhat, NO-Hardhat"
2025-11-03 15:40:52,1,NO-Hardhat
2025-11-03 15:40:52,2,NO-Mask
2025-11-03 15:40:52,1,NO-Hardhat
2025-11-03 15:40:52,2,NO-Mask
2025-11-03 15:40:52,1,NO-Hardhat
2025-11-03 15:40:52,2,NO-Mask
2025-11-03 15:40:52,1,"NO-Hardhat, NO-Mask"
2025-11-03 15:40:52,2,"NO-Safety Vest, NO-Hardhat, NO-Mask, NO-Mask"
2025-11-03 15:40:52,3,"NO-Hardhat, NO-Mask"
2025-11-03 15:40:52,1,NO-Hardhat
2025-11-03 15:40:52,2,NO-Mask
2025-11-03 15:40:52,1,"NO-Hardhat, NO-Mask"
2025-11-03 15:40:52,1,"NO-Hardhat, NO-Hardhat, NO-Mask"
2025-11-03 15:40:52,2,NO-Safety Vest
2025-11-03 15:40:52,3,"NO-Mask, NO-Hardhat, NO-Mask, NO-Hardhat, NO-Mask"
2025-11-03 15:40:52,1,"NO-Hardhat, NO-Mask"
2025-11-03 15:40:52,1,"NO-Hardhat, NO-Mask"
2025-11-03 15:40:52,1,"NO-Hardhat, NO-Hardhat, NO-Mask"
2025-11-03 15:40:52,2,"NO-Safety Vest, NO-Mask, NO-Hardhat, NO-Mask, NO-Hardhat, NO-Mask"
2025-11-03 15:40:52,1,"NO-Hardhat, NO-Mask"
2025-11-03 15:40:52,1,"NO-Hardhat, NO-Mask"
2025-11-03 15:40:53,1,"NO-Hardhat, NO-Mask"
2025-11-03 15:40:53,1,"NO-Hardhat, NO-Hardhat, NO-Mask"
2025-11-03 15:40:53,2,"NO-Safety Vest, NO-Hardhat, NO-Mask, NO-Hardhat, NO-Mask, NO-Mask"
2025-11-03 15:40:53,3,
2025-11-03 15:40:53,1,"NO-Hardhat, NO-Mask"
2025-11-03 15:40:53,1,
2025-11-03 15:40:53,1,"NO-Hardhat, NO-Mask"
2025-11-03 15:40:53,1,"NO-Hardhat, NO-Hardhat, NO-Mask"
2025-11-03 15:40:53,2,"NO-Safety Vest, NO-Mask, NO-Hardhat, NO-Hardhat, NO-Mask, NO-Safety Vest, NO-Mask"
2025-11-03 15:40:53,1,
2025-11-03 15:40:53,1,"NO-Hardhat, NO-Mask"
2025-11-03 15:40:53,1,
2025-11-03 15:40:53,1,
2025-11-03 15:40:53,1,"NO-Hardhat, NO-Mask"
2025-11-03 15:40:53,1,
2025-11-03 15:40:53,1,"NO-Hardhat, NO-Hardhat, NO-Mask"
2025-11-03 15:40:53,2,"NO-Safety Vest, NO-Hardhat, NO-Mask, NO-Safety Vest, NO-Mask"
2025-11-03 15:40:53,3,"NO-Hardhat, NO-Mask"
2025-11-03 15:40:53,1,"NO-Hardhat, NO-Mask"
2025-11-03 15:40:53,1,
2025-11-03 15:40:53,1,
2025-11-03 15:40:53,1,"NO-Hardhat, NO-Mask"
2025-11-03 15:40:53,1,
2025-11-03 15:40:53,1,"NO-Hardhat, NO-Mask"
2025-11-03 15:40:53,1,
2025-11-03 15:40:53,1,"NO-Hardhat, NO-Hardhat, NO-Mask"
2025-11-03 15:40:53,2,"NO-Safety Vest, NO-Hardhat, NO-Mask, NO-Mask, NO-Safety Vest, NO-Hardhat"
2025-11-03 15:40:53,3,NO-Mask
2025-11-03 15:40:53,1,
2025-11-03 15:40:53,1,"NO-Hardhat, NO-Mask"
2025-11-03 15:40:53,1,NO-Safety Vest
2025-11-03 15:40:53,1,"NO-Hardhat, NO-Mask"
2025-11-03 15:40:53,1,NO-Safety Vest
2025-11-03 15:40:53,1,NO-Safety Vest
2025-11-03 15:40:53,1,"NO-Hardhat, NO-Mask"
2025-11-03 15:40:53,1,"NO-Hardhat, NO-Hardhat, NO-Mask"
2025-11-03 15:40:53,2,"NO-Safety Vest, NO-Hardhat, NO-Mask, NO-Mask"
2025-11-03 15:40:53,3,"NO-Hardhat, NO-Mask, NO-Safety Vest"
2025-11-03 15:40:53,1,
2025-11-03 15:40:53,1,"NO-Hardhat, NO-Mask"
2025-11-03 15:40:53,1,NO-Safety Vest
2025-11-03 15:40:53,1,
2025-11-03 15:40:53,1,"NO-Hardhat, NO-Mask"
2025-11-03 15:40:53,1,
2025-11-03 15:40:54,1,"NO-Hardhat, NO-Hardhat, NO-Mask"
2025-11-03 15:40:54,2,"NO-Safety Vest, NO-Hardhat, NO-Mask, NO-Mask"
2025-11-03 15:40:54,3,"NO-Hardhat, NO-Safety Vest, NO-Mask"
2025-11-03 15:40:54,1,"NO-Hardhat, NO-Mask"
2025-11-03 15:40:54,2,
2025-11-03 15:40:54,1,
2025-11-03 15:40:54,1,"NO-Hardhat, NO-Mask"
2025-11-03 15:40:54,2,
2025-11-03 15:40:54,1,NO-Hardhat
2025-11-03 15:40:54,1,"NO-Hardhat, NO-Mask"
2025-11-03 15:40:54,2,
2025-11-03 15:40:54,1,"NO-Hardhat, NO-Safety Vest"
2025-11-03 15:40:54,1,"NO-Hardhat, NO-Hardhat, NO-Mask"
2025-11-03 15:40:54,2,"NO-Safety Vest, NO-Hardhat, NO-Mask"
2025-11-03 15:40:54,3,"NO-Mask, NO-Hardhat, NO-Safety Vest, NO-Mask"
2025-11-03 15:40:54,1,"NO-Hardhat, NO-Mask"
2025-11-03 15:40:54,2,
2025-11-03 15:40:54,1,NO-Hardhat
2025-11-03 15:40:54,1,"NO-Hardhat, NO-Mask"
2025-11-03 15:40:54,1,NO-Hardhat
2025-11-03 15:40:54,1,"NO-Hardhat, NO-Mask"
2025-11-03 15:40:54,1,NO-Safety Vest
2025-11-03 15:40:54,1,"NO-Hardhat, NO-Hardhat, NO-Mask"
2025-11-03 15:40:54,2,"NO-Hardhat, NO-Safety Vest, NO-Mask"
2025-11-03 15:40:54,3,"NO-Mask, NO-Hardhat, NO-Safety Vest"
2025-11-03 15:40:54,1,"NO-Hardhat, NO-Mask"
2025-11-03 15:40:54,1,"NO-Hardhat, NO-Safety Vest"
2025-11-03 15:40:54,1,"NO-Hardhat, NO-Mask"
2025-11-03 15:40:54,1,"NO-Hardhat, NO-Safety Vest"
2025-11-03 15:40:54,1,"NO-Hardhat, NO-Hardhat, NO-Mask"
2025-11-03 15:40:54,2,"NO-Hardhat, NO-Safety Vest"
2025-11-03 15:40:54,3,"NO-Mask, NO-Mask, NO-Hardhat, NO-Safety Vest"
2025-11-03 15:40:54,1,"NO-Mask, NO-Hardhat"
2025-11-03 15:40:54,1,"NO-Hardhat, NO-Safety Vest"
2025-11-03 15:40:54,1,"NO-Mask, NO-Hardhat"
2025-11-03 15:40:54,1,"NO-Hardhat, NO-Safety Vest"
2025-11-03 15:40:54,1,"NO-Hardhat, NO-Hardhat, NO-Mask"
2025-11-03 15:40:54,2,NO-Hardhat
2025-11-03 15:40:54,3,"NO-Safety Vest, NO-Mask, NO-Mask, NO-Hardhat"
2025-11-03 15:40:54,1,"NO-Hardhat, NO-Mask"
2025-11-03 15:40:54,1,"NO-Safety Vest, NO-Hardhat"
2025-11-03 15:40:54,1,"NO-Hardhat, NO-Mask"
2025-11-03 15:40:54,1,"NO-Safety Vest, NO-Hardhat"
2025-11-03 15:40:54,2,
2025-11-03 15:40:54,1,"NO-Hardhat, NO-Hardhat, NO-Mask"
2025-11-03 15:40:54,2,NO-Hardhat
2025-11-03 15:40:54,3,"NO-Safety Vest, NO-Mask, NO-Mask, NO-Hardhat"
2025-11-03 15:40:54,1,"NO-Hardhat, NO-Mask"
2025-11-03 15:40:54,1,"NO-Safety Vest, NO-Hardhat"
2025-11-03 15:40:54,2,
2025-11-03 15:40:54,1,"NO-Hardhat, NO-Mask"
2025-11-03 15:40:54,1,"NO-Hardhat, NO-Safety Vest"
2025-11-03 15:40:54,2,
2025-11-03 15:40:54,1,"NO-Hardhat, NO-Hardhat, NO-Mask"
2025-11-03 15:40:54,2,NO-Hardhat
2025-11-03 15:40:54,3,"NO-Safety Vest, NO-Mask, NO-Hardhat, NO-Mask, NO-Hardhat"
2025-11-03 15:40:54,1,"NO-Hardhat, NO-Mask"
2025-11-03 15:40:54,1,"NO-Safety Vest, NO-Hardhat"
2025-11-03 15:40:54,2,
2025-11-03 15:40:55,1,"NO-Hardhat, NO-Mask"
2025-11-03 15:40:55,1,"NO-Safety Vest, NO-Hardhat"
2025-11-03 15:40:55,1,"NO-Hardhat, NO-Mask"
2025-11-03 15:40:55,1,"NO-Safety Vest, NO-Hardhat"
2025-11-03 15:40:55,1,"NO-Hardhat, NO-Hardhat, NO-Mask"
2025-11-03 15:40:55,2,NO-Hardhat
2025-11-03 15:40:55,3,"NO-Safety Vest, NO-Mask, NO-Hardhat, NO-Mask, NO-Hardhat"
2025-11-03 15:40:55,1,"NO-Hardhat, NO-Mask"
2025-11-03 15:40:55,1,"NO-Safety Vest, NO-Hardhat"
2025-11-03 15:40:55,2,
2025-11-03 15:40:55,1,"NO-Hardhat, NO-Mask"
2025-11-03 15:40:55,1,"NO-Hardhat, NO-Hardhat, NO-Mask"
2025-11-03 15:40:55,2,NO-Hardhat
2025-11-03 15:40:55,3,"NO-Safety Vest, NO-Hardhat, NO-Mask, NO-Mask"
2025-11-03 15:40:55,1,"NO-Safety Vest, NO-Hardhat"
2025-11-03 15:40:55,2,NO-Hardhat
2025-11-03 15:40:55,1,"NO-Hardhat, NO-Mask"
2025-11-03 15:40:55,1,"NO-Hardhat, NO-Mask"
2025-11-03 15:40:55,1,"NO-Safety Vest, NO-Hardhat"
2025-11-03 15:40:55,2,
2025-11-03 15:40:55,1,"NO-Hardhat, NO-Mask"
2025-11-03 15:40:55,1,NO-Safety Vest
2025-11-03 15:40:55,2,"NO-Hardhat, NO-Safety Vest"
2025-11-03 15:40:55,1,"NO-Hardhat, NO-Hardhat, NO-Mask"
2025-11-03 15:40:55,2,
2025-11-03 15:40:55,3,"NO-Hardhat, NO-Safety Vest, NO-Hardhat, NO-Mask, NO-Mask"
2025-11-03 15:40:55,1,"NO-Hardhat, NO-Mask"
2025-11-03 15:40:55,1,NO-Safety Vest
2025-11-03 15:40:55,2,"NO-Hardhat, NO-Safety Vest"
2025-11-03 15:40:55,1,"NO-Hardhat, NO-Mask"
2025-11-03 15:40:55,1,
2025-11-03 15:40:55,2,"NO-Safety Vest, NO-Hardhat, NO-Hardhat, NO-Safety Vest"
2025-11-03 15:40:55,1,"NO-Hardhat, NO-Hardhat, NO-Mask"
2025-11-03 15:40:55,2,
2025-11-03 15:40:55,3,"NO-Hardhat, NO-Hardhat, NO-Safety Vest, NO-Mask, NO-Mask"
2025-11-03 15:40:55,1,"NO-Hardhat, NO-Mask"
2025-11-03 15:40:55,1,"NO-Hardhat, NO-Mask"
2025-11-03 15:40:55,1,
2025-11-03 15:40:55,2,"NO-Safety Vest, NO-Hardhat, NO-Safety Vest, NO-Hardhat"
2025-11-03 15:40:55,1,"NO-Hardhat, NO-Mask"
2025-11-03 15:40:55,1,"NO-Hardhat, NO-Hardhat, NO-Mask"
2025-11-03 15:40:55,2,
2025-11-03 15:40:55,3,"NO-Hardhat, NO-Hardhat, NO-Safety Vest, NO-Mask, NO-Mask"
2025-11-03 15:40:55,1,
2025-11-03 15:40:55,2,"NO-Hardhat, NO-Safety Vest, NO-Safety Vest"
2025-11-03 15:40:55,1,"NO-Hardhat, NO-Mask"
2025-11-03 15:40:55,2,
2025-11-03 15:40:55,1,
2025-11-03 15:40:55,2,"NO-Safety Vest, NO-Hardhat, NO-Safety Vest, NO-Hardhat"
2025-11-03 15:40:55,1,"NO-Hardhat, NO-Mask"
2025-11-03 15:40:55,2,
2025-11-03 15:40:55,1,"NO-Hardhat, NO-Hardhat, NO-Mask"
2025-11-03 15:40:55,2,NO-Hardhat
2025-11-03 15:40:55,3,"NO-Safety Vest, NO-Hardhat, NO-Mask, NO-Mask"
2025-11-03 15:40:55,1,"NO-Hardhat, NO-Mask"
2025-11-03 15:40:55,2,
2025-11-03 15:40:55,1,"NO-Hardhat, NO-Mask"
2025-11-03 15:40:55,2,
2025-11-03 15:40:55,1,
2025-11-03 15:40:55,2,"NO-Safety Vest, NO-Hardhat, NO-Hardhat, NO-Safety Vest, NO-Mask"
2025-11-03 15:40:56,1,"NO-Hardhat, NO-Mask"
2025-11-03 15:40:56,2,
2025-11-03 15:40:56,1,"NO-Hardhat, NO-Hardhat, NO-Mask"
2025-11-03 15:40:56,2,NO-Hardhat
2025-11-03 15:40:56,3,"NO-Hardhat, NO-Safety Vest, NO-Mask, NO-Mask"
2025-11-03 15:40:56,1,
2025-11-03 15:40:56,2,"NO-Safety Vest, NO-Hardhat, NO-Hardhat, NO-Safety Vest, NO-Mask"
2025-11-03 15:40:56,1,"NO-Hardhat, NO-Mask"
2025-11-03 15:40:56,2,
2025-11-03 15:40:56,1,"NO-Hardhat, NO-Mask"
2025-11-03 15:40:56,2,
2025-11-03 15:40:56,1,"NO-Hardhat, NO-Hardhat, NO-Mask"
2025-11-03 15:40:56,2,NO-Hardhat
2025-11-03 15:40:56,3,"NO-Safety Vest, NO-Hardhat, NO-Mask, NO-Mask"
2025-11-03 15:40:56,4,
2025-11-03 15:40:56,1,
2025-11-03 15:40:56,2,"NO-Safety Vest, NO-Hardhat, NO-Hardhat, NO-Safety Vest, NO-Mask"
2025-11-03 15:40:56,1,"NO-Hardhat, NO-Mask"
2025-11-03 15:40:56,2,
2025-11-03 15:40:56,1,"NO-Hardhat, NO-Mask"
2025-11-03 15:40:56,2,
2025-11-03 15:40:56,1,
2025-11-03 15:40:56,2,"NO-Safety Vest, NO-Safety Vest, NO-Hardhat, NO-Hardhat, NO-Mask"
2025-11-03 15:40:56,1,"NO-Hardhat, NO-Mask"
2025-11-03 15:40:56,2,
2025-11-03 15:40:56,1,"NO-Hardhat, NO-Hardhat, NO-Mask"
2025-11-03 15:40:56,2,NO-Hardhat
2025-11-03 15:40:56,3,"NO-Safety Vest, NO-Hardhat, NO-Mask"
2025-11-03 15:40:56,4,NO-Mask
2025-11-03 15:40:56,1,"NO-Hardhat, NO-Mask"
2025-11-03 15:40:56,2,
2025-11-03 15:40:56,1,
2025-11-03 15:40:56,2,"NO-Safety Vest, NO-Hardhat, NO-Safety Vest, NO-Hardhat, NO-Mask, NO-Mask"
2025-11-03 15:40:56,1,"NO-Hardhat, NO-Mask"
2025-11-03 15:40:56,2,
2025-11-03 15:40:56,1,"NO-Hardhat, NO-Hardhat, NO-Mask"
2025-11-03 15:40:56,2,NO-Hardhat
2025-11-03 15:40:56,3,"NO-Safety Vest, NO-Hardhat, NO-Mask"
2025-11-03 15:40:56,4,
2025-11-03 15:40:56,1,"NO-Hardhat, NO-Mask"
2025-11-03 15:40:56,2,
2025-11-03 15:40:56,1,"NO-Safety Vest, NO-Hardhat, NO-Hardhat"
2025-11-03 15:40:56,2,"NO-Safety Vest, NO-Mask, NO-Mask"
2025-11-03 15:40:56,1,"NO-Hardhat, NO-Mask"
2025-11-03 15:40:56,2,
2025-11-03 15:40:56,1,"NO-Hardhat, NO-Mask"
2025-11-03 15:40:56,2,
2025-11-03 15:40:56,1,"NO-Safety Vest, NO-Hardhat, NO-Hardhat"
2025-11-03 15:40:56,2,"NO-Safety Vest, NO-Mask, NO-Mask"
2025-11-03 15:40:56,1,"NO-Hardhat, NO-Hardhat, NO-Mask"
2025-11-03 15:40:56,2,NO-Hardhat
2025-11-03 15:40:56,3,"NO-Safety Vest, NO-Hardhat"
2025-11-03 15:40:56,4,"NO-Mask, NO-Safety Vest, NO-Mask"
2025-11-03 15:40:56,1,"NO-Hardhat, NO-Mask"
2025-11-03 15:40:56,2,
2025-11-03 15:40:56,1,"NO-Hardhat, NO-Mask"
2025-11-03 15:40:56,2,
2025-11-03 15:40:56,1,"NO-Hardhat, NO-Mask"
2025-11-03 15:40:56,2,
2025-11-03 15:40:56,1,NO-Hardhat
2025-11-03 15:40:56,2,"NO-Hardhat, NO-Safety Vest, NO-Safety Vest, NO-Mask, NO-Mask"
2025-11-03 15:40:56,1,"NO-Hardhat, NO-Hardhat, NO-Mask"
2025-11-03 15:40:56,2,NO-Hardhat
2025-11-03 15:40:56,3,"NO-Safety Vest, NO-Hardhat, NO-Mask, NO-Mask"
2025-11-03 15:40:56,4,NO-Safety Vest
2025-11-03 15:40:56,1,"NO-Hardhat, NO-Mask"
2025-11-03 15:40:56,2,
2025-11-03 15:40:56,1,"NO-Hardhat, NO-Mask"
2025-11-03 15:40:56,2,
2025-11-03 15:40:56,1,
2025-11-03 15:40:56,2,"NO-Hardhat, NO-Mask"
2025-11-03 15:40:56,1,"NO-Hardhat, NO-Mask"
2025-11-03 15:40:56,2,
2025-11-03 15:40:56,1,"NO-Hardhat, NO-Hardhat, NO-Mask"
2025-11-03 15:40:56,2,NO-Hardhat
2025-11-03 15:40:56,3,"NO-Safety Vest, NO-Hardhat, NO-Mask, NO-Mask"
2025-11-03 15:40:56,4,
2025-11-03 15:40:56,1,"NO-Hardhat, NO-Mask"
2025-11-03 15:40:56,2,
2025-11-03 15:40:57,1,"NO-Hardhat, NO-Mask"
2025-11-03 15:40:57,2,
2025-11-03 15:40:57,1,
2025-11-03 15:40:57,2,"NO-Hardhat, NO-Mask, NO-Safety Vest"
2025-11-03 15:40:57,1,"NO-Hardhat, NO-Hardhat"
2025-11-03 15:40:57,2,"NO-Mask, NO-Hardhat"
2025-11-03 15:40:57,3,"NO-Mask, NO-Hardhat, NO-Safety Vest, NO-Mask"
2025-11-03 15:40:57,4,NO-Safety Vest
2025-11-03 15:40:57,1,"NO-Hardhat, NO-Mask"
2025-11-03 15:40:57,2,
2025-11-03 15:40:57,1,
2025-11-03 15:40:57,2,"NO-Safety Vest, NO-Hardhat, NO-Mask, NO-Safety Vest"
2025-11-03 15:40:57,1,"NO-Hardhat, NO-Mask"
2025-11-03 15:40:57,2,
2025-11-03 15:40:57,1,"NO-Hardhat, NO-Mask"
2025-11-03 15:40:57,2,
2025-11-03 15:40:57,1,NO-Hardhat
2025-11-03 15:40:57,2,"NO-Mask, NO-Mask"
2025-11-03 15:40:57,3,"NO-Hardhat, NO-Hardhat, NO-Safety Vest, NO-Mask"
2025-11-03 15:40:57,4,NO-Safety Vest
2025-11-03 15:40:57,1,
2025-11-03 15:40:57,2,"NO-Hardhat, NO-Mask"
2025-11-03 15:40:57,1,"NO-Hardhat, NO-Mask"
2025-11-03 15:40:57,2,
2025-11-03 15:40:57,1,"NO-Hardhat, NO-Mask"
2025-11-03 15:40:57,2,
2025-11-03 15:40:57,1,"NO-Hardhat, NO-Mask"
2025-11-03 15:40:57,2,
2025-11-03 15:40:57,1,
2025-11-03 15:40:57,2,"NO-Hardhat, NO-Safety Vest, NO-Mask, NO-Mask"
2025-11-03 15:40:57,1,NO-Hardhat
2025-11-03 15:40:57,2,NO-Mask
2025-11-03 15:40:57,3,"NO-Mask, NO-Hardhat, NO-Hardhat, NO-Safety Vest, NO-Mask"
2025-11-03 15:40:57,1,"NO-Hardhat, NO-Mask"
2025-11-03 15:40:57,1,"NO-Hardhat, NO-Mask"
2025-11-03 15:40:57,1,
2025-11-03 15:40:57,2,"NO-Hardhat, NO-Hardhat, NO-Safety Vest, NO-Mask, NO-Mask"
2025-11-03 15:40:57,1,NO-Hardhat
2025-11-03 15:40:57,2,NO-Mask
2025-11-03 15:40:57,3,"NO-Mask, NO-Hardhat, NO-Safety Vest, NO-Hardhat, NO-Mask"
2025-11-03 15:40:57,4,
2025-11-03 15:40:57,1,"NO-Hardhat, NO-Mask"
2025-11-03 15:40:57,1,"NO-Hardhat, NO-Mask"
2025-11-03 15:40:57,1,
2025-11-03 15:40:57,2,"NO-Hardhat, NO-Hardhat, NO-Safety Vest, NO-Mask, NO-Mask"
2025-11-03 15:40:57,1,NO-Hardhat
2025-11-03 15:40:57,2,NO-Mask
2025-11-03 15:40:57,3,"NO-Mask, NO-Hardhat, NO-Safety Vest, NO-Hardhat, NO-Mask"
2025-11-03 15:40:57,1,"NO-Hardhat, NO-Mask"
2025-11-03 15:40:57,1,"NO-Hardhat, NO-Mask"
2025-11-03 15:40:57,1,
2025-11-03 15:40:57,2,"NO-Hardhat, NO-Hardhat, NO-Safety Vest, NO-Mask, NO-Mask"
2025-11-03 15:40:57,1,"NO-Hardhat, NO-Mask"
2025-11-03 15:40:57,1,NO-Hardhat
2025-11-03 15:40:57,2,NO-Mask
2025-11-03 15:40:57,3,"NO-Hardhat, NO-Hardhat, NO-Mask, NO-Safety Vest, NO-Mask"
2025-11-03 15:40:57,1,"NO-Hardhat, NO-Mask"
2025-11-03 15:40:57,2,
2025-11-03 15:40:57,1,"NO-Hardhat, NO-Mask"
2025-11-03 15:40:57,1,
2025-11-03 15:40:57,2,"NO-Hardhat, NO-Hardhat, NO-Safety Vest, NO-Mask, NO-Mask"
2025-11-03 15:40:57,1,NO-Hardhat
2025-11-03 15:40:57,2,NO-Mask
2025-11-03 15:40:57,3,"NO-Hardhat, NO-Hardhat, NO-Safety Vest, NO-Mask, NO-Mask"
2025-11-03 15:40:57,1,"NO-Hardhat, NO-Mask"
2025-11-03 15:40:57,1,"NO-Hardhat, NO-Mask"
2025-11-03 15:40:58,1,NO-Hardhat
2025-11-03 15:40:58,2,"NO-Safety Vest, NO-Hardhat, NO-Mask, NO-Mask"
2025-11-03 15:40:58,1,NO-Hardhat
2025-11-03 15:40:58,2,NO-Mask
2025-11-03 15:40:58,3,"NO-Hardhat, NO-Hardhat, NO-Safety Vest, NO-Mask, NO-Mask"
2025-11-03 15:40:58,1,"NO-Hardhat, NO-Mask"
2025-11-03 15:40:58,1,"NO-Hardhat, NO-Mask"
2025-11-03 15:40:58,1,
2025-11-03 15:40:58,2,"NO-Hardhat, NO-Safety Vest, NO-Mask, NO-Mask"
2025-11-03 15:40:58,1,"NO-Hardhat, NO-Mask"
2025-11-03 15:40:58,1,NO-Hardhat
2025-11-03 15:40:58,2,"NO-Mask, NO-Mask, NO-Hardhat, NO-Hardhat, NO-Safety Vest"
2025-11-03 15:40:58,3,NO-Mask
2025-11-03 15:40:58,1,"NO-Hardhat, NO-Mask"
2025-11-03 15:40:58,1,"NO-Hardhat, NO-Mask"
2025-11-03 15:40:58,1,
2025-11-03 15:40:58,2,"NO-Hardhat, NO-Safety Vest, NO-Mask, NO-Mask, NO-Safety Vest"
2025-11-03 15:40:58,1,"NO-Hardhat, NO-Hardhat"
2025-11-03 15:40:58,2,"NO-Mask, NO-Mask, NO-Safety Vest, NO-Hardhat, NO-Hardhat"
2025-11-03 15:40:58,3,NO-Mask
2025-11-03 15:40:58,1,"NO-Hardhat, NO-Mask"
2025-11-03 15:40:58,2,
2025-11-03 15:40:58,1,"NO-Hardhat, NO-Mask"
2025-11-03 15:40:58,1,"NO-Hardhat, NO-Mask"
2025-11-03 15:40:58,2,
2025-11-03 15:40:58,1,NO-Safety Vest
2025-11-03 15:40:58,2,"NO-Hardhat, NO-Safety Vest, NO-Mask, NO-Mask"
2025-11-03 15:40:58,1,"NO-Hardhat, NO-Hardhat"
2025-11-03 15:40:58,2,"NO-Mask, NO-Mask, NO-Hardhat, NO-Safety Vest, NO-Hardhat"
2025-11-03 15:40:58,3,NO-Mask
2025-11-03 15:40:58,1,"NO-Hardhat, NO-Mask"
2025-11-03 15:40:58,2,
2025-11-03 15:40:58,1,"NO-Hardhat, NO-Mask"
2025-11-03 15:40:58,1,NO-Safety Vest
2025-11-03 15:40:58,2,"NO-Hardhat, NO-Safety Vest, NO-Mask, NO-Mask"
2025-11-03 15:40:58,1,"NO-Hardhat, NO-Hardhat"
2025-11-03 15:40:58,2,NO-Mask
2025-11-03 15:40:58,3,"NO-Mask, NO-Hardhat, NO-Safety Vest, NO-Hardhat, NO-Mask"
2025-11-03 15:40:58,1,"NO-Hardhat, NO-Mask"
2025-11-03 15:40:58,2,
2025-11-03 15:40:58,1,"NO-Hardhat, NO-Mask"
2025-11-03 15:40:58,2,
2025-11-03 15:40:58,1,
2025-11-03 15:40:58,2,"NO-Safety Vest, NO-Hardhat, NO-Safety Vest, NO-Mask, NO-Mask"
2025-11-03 15:40:58,1,"NO-Hardhat, NO-Mask"
2025-11-03 15:40:58,1,NO-Hardhat
2025-11-03 15:40:58,2,
2025-11-03 15:40:58,3,"NO-Mask, NO-Mask, NO-Hardhat, NO-Safety Vest, NO-Hardhat, NO-Mask"
2025-11-03 15:40:58,1,"NO-Hardhat, NO-Mask"
2025-11-03 15:40:58,1,
2025-11-03 15:40:58,2,"NO-Hardhat, NO-Safety Vest, NO-Mask, NO-Mask"
2025-11-03 15:40:58,1,"NO-Hardhat, NO-Mask"
2025-11-03 15:40:58,1,
2025-11-03 15:40:58,2,
2025-11-03 15:40:58,3,"NO-Mask, NO-Mask, NO-Hardhat, NO-Safety Vest, NO-Hardhat, NO-Mask"
2025-11-03 15:40:58,1,"NO-Hardhat, NO-Mask"
2025-11-03 15:40:58,2,
2025-11-03 15:40:58,1,
2025-11-03 15:40:58,2,"NO-Hardhat, NO-Safety Vest, NO-Mask, NO-Mask"
2025-11-03 15:40:58,1,"NO-Hardhat, NO-Mask"
2025-11-03 15:40:58,2,
2025-11-03 15:40:58,1,
2025-11-03 15:40:58,2,
2025-11-03 15:40:58,3,"NO-Mask, NO-Mask, NO-Hardhat, NO-Safety Vest, NO-Hardhat, NO-Mask"
2025-11-03 15:40:58,1,"NO-Hardhat, NO-Mask"
2025-11-03 15:40:58,2,
2025-11-03 15:40:59,1,"NO-Hardhat, NO-Mask"
2025-11-03 15:40:59,2,
2025-11-03 15:40:59,1,
2025-11-03 15:40:59,2,"NO-Hardhat, NO-Safety Vest, NO-Mask, NO-Mask, NO-Safety Vest"
2025-11-03 15:40:59,1,"NO-Hardhat, NO-Mask"
2025-11-03 15:40:59,2,
2025-11-03 15:40:59,1,
2025-11-03 15:40:59,2,NO-Mask
2025-11-03 15:40:59,3,"NO-Safety Vest, NO-Mask, NO-Hardhat, NO-Hardhat, NO-Mask"
2025-11-03 15:40:59,1,"NO-Hardhat, NO-Mask"
2025-11-03 15:40:59,1,NO-Hardhat
2025-11-03 15:40:59,2,"NO-Hardhat, NO-Safety Vest, NO-Mask, NO-Mask"
2025-11-03 15:40:59,1,"NO-Hardhat, NO-Mask"
2025-11-03 15:40:59,2,
2025-11-03 15:40:59,1,
2025-11-03 15:40:59,2,
2025-11-03 15:40:59,3,"NO-Mask, NO-Mask, NO-Safety Vest, NO-Hardhat, NO-Hardhat, NO-Mask"
2025-11-03 15:40:59,1,NO-Hardhat
2025-11-03 15:40:59,2,"NO-Safety Vest, NO-Mask"
2025-11-03 15:40:59,1,"NO-Hardhat, NO-Mask"
2025-11-03 15:40:59,2,
2025-11-03 15:40:59,1,"NO-Hardhat, NO-Mask"
2025-11-03 15:40:59,1,
2025-11-03 15:40:59,2,"NO-Mask, NO-Safety Vest"
2025-11-03 15:40:59,3,"NO-Hardhat, NO-Mask, NO-Hardhat, NO-Mask"
2025-11-03 15:40:59,1,
2025-11-03 15:40:59,2,"NO-Hardhat, NO-Safety Vest, NO-Mask, NO-Mask"
2025-11-03 15:40:59,1,"NO-Hardhat, NO-Mask"
2025-11-03 15:40:59,1,"NO-Hardhat, NO-Mask"
2025-11-03 15:40:59,1,
2025-11-03 15:40:59,2,"NO-Mask, NO-Safety Vest, NO-Mask"
2025-11-03 15:40:59,3,"NO-Hardhat, NO-Hardhat, NO-Mask"
2025-11-03 15:40:59,1,
2025-11-03 15:40:59,2,"NO-Safety Vest, NO-Hardhat, NO-Mask, NO-Mask, NO-Safety Vest"
2025-11-03 15:40:59,1,"NO-Hardhat, NO-Mask"
2025-11-03 15:40:59,1,"NO-Hardhat, NO-Mask"
2025-11-03 15:40:59,1,"NO-Hardhat, NO-Mask"
2025-11-03 15:40:59,1,
2025-11-03 15:40:59,2,"NO-Hardhat, NO-Hardhat, NO-Safety Vest, NO-Safety Vest, NO-Mask, NO-Mask"
2025-11-03 15:40:59,1,
2025-11-03 15:40:59,2,"NO-Safety Vest, NO-Mask"
2025-11-03 15:40:59,3,"NO-Mask, NO-Hardhat, NO-Hardhat, NO-Mask"
2025-11-03 15:40:59,4,
2025-11-03 15:40:59,1,"NO-Hardhat, NO-Mask"
2025-11-03 15:40:59,1,"NO-Hardhat, NO-Mask"
2025-11-03 15:40:59,1,"NO-Hardhat, NO-Hardhat"
2025-11-03 15:40:59,2,"NO-Safety Vest, NO-Safety Vest, NO-Mask, NO-Mask"
2025-11-03 15:40:59,1,
2025-11-03 15:40:59,2,
2025-11-03 15:40:59,3,"NO-Safety Vest, NO-Hardhat, NO-Mask, NO-Hardhat, NO-Mask, NO-Mask"
2025-11-03 15:40:59,4,
2025-11-03 15:40:59,1,"NO-Hardhat, NO-Mask"
2025-11-03 15:40:59,1,"NO-Hardhat, NO-Mask"
2025-11-03 15:40:59,1,"NO-Hardhat, NO-Hardhat, NO-Safety Vest"
2025-11-03 15:40:59,2,"NO-Safety Vest, NO-Mask, NO-Mask"
2025-11-03 15:40:59,1,
2025-11-03 15:40:59,2,
2025-11-03 15:40:59,3,"NO-Mask, NO-Hardhat, NO-Safety Vest, NO-Mask, NO-Hardhat, NO-Mask"
2025-11-03 15:40:59,4,
2025-11-03 15:40:59,1,"NO-Hardhat, NO-Mask"
2025-11-03 15:40:59,1,"NO-Hardhat, NO-Mask"
2025-11-03 15:40:59,1,"NO-Hardhat, NO-Mask"
2025-11-03 15:41:00,1,
2025-11-03 15:41:00,2,"NO-Hardhat, NO-Safety Vest, NO-Mask, NO-Mask"
2025-11-03 15:41:00,1,
2025-11-03 15:41:00,2,
2025-11-03 15:41:00,3,"NO-Mask, NO-Hardhat, NO-Mask, NO-Safety Vest, NO-Hardhat, NO-Mask"
2025-11-03 15:41:00,4,
2025-11-03 15:41:00,1,"NO-Hardhat, NO-Mask"
2025-11-03 15:41:00,1,"NO-Hardhat, NO-Mask"
2025-11-03 15:41:00,1,"NO-Hardhat, NO-Mask"
2025-11-03 15:41:00,1,
2025-11-03 15:41:00,2,"NO-Hardhat, NO-Mask, NO-Safety Vest, NO-Mask"
2025-11-03 15:41:00,1,
2025-11-03 15:41:00,2,
2025-11-03 15:41:00,3,"NO-Mask, NO-Hardhat, NO-Mask, NO-Safety Vest, NO-Mask, NO-Hardhat"
2025-11-03 15:41:00,4,
2025-11-03 15:41:00,1,"NO-Hardhat, NO-Mask"
2025-11-03 15:41:00,1,"NO-Hardhat, NO-Mask"
2025-11-03 15:41:00,1,"NO-Hardhat, NO-Hardhat"
2025-11-03 15:41:00,2,"NO-Mask, NO-Safety Vest"
2025-11-03 15:41:00,1,"NO-Hardhat, NO-Mask"
2025-11-03 15:41:00,1,
2025-11-03 15:41:00,2,
2025-11-03 15:41:00,3,"NO-Mask, NO-Safety Vest, NO-Hardhat, NO-Mask, NO-Mask, NO-Hardhat"
2025-11-03 15:41:00,4,
2025-11-03 15:41:00,1,"NO-Hardhat, NO-Hardhat"
2025-11-03 15:41:00,2,"NO-Mask, NO-Safety Vest, NO-Mask"
2025-11-03 15:41:00,1,"NO-Hardhat, NO-Mask"
2025-11-03 15:41:00,1,"NO-Hardhat, NO-Mask"
2025-11-03 15:41:00,1,
2025-11-03 15:41:00,2,"NO-Safety Vest, NO-Mask, NO-Hardhat, NO-Mask"
2025-11-03 15:41:00,3,"NO-Mask, NO-Hardhat"
2025-11-03 15:41:00,1,"NO-Hardhat, NO-Hardhat"
2025-11-03 15:41:00,2,"NO-Mask, NO-Mask"
2025-11-03 15:41:00,1,"NO-Hardhat, NO-Mask"
2025-11-03 15:41:00,1,
2025-11-03 15:41:00,2,"NO-Hardhat, NO-Mask, NO-Mask, NO-Mask"
2025-11-03 15:41:00,1,"NO-Hardhat, NO-Mask"
2025-11-03 15:41:00,1,"NO-Hardhat, NO-Mask"
2025-11-03 15:41:00,1,"NO-Hardhat, NO-Hardhat"
2025-11-03 15:41:00,2,"NO-Safety Vest, NO-Mask, NO-Mask"
2025-11-03 15:41:00,1,
2025-11-03 15:41:00,2,"NO-Mask, NO-Mask, NO-Hardhat, NO-Mask"
2025-11-03 15:41:00,1,"NO-Hardhat, NO-Mask"
2025-11-03 15:41:00,1,NO-Hardhat
2025-11-03 15:41:00,2,"NO-Safety Vest, NO-Mask"
2025-11-03 15:41:00,1,"NO-Hardhat, NO-Mask"
2025-11-03 15:41:00,1,
2025-11-03 15:41:00,2,"NO-Hardhat, NO-Safety Vest, NO-Mask, NO-Mask, NO-Mask"
2025-11-03 15:41:00,3,
2025-11-03 15:41:00,1,"NO-Hardhat, NO-Mask"
2025-11-03 15:41:00,1,"NO-Hardhat, NO-Mask"
2025-11-03 15:41:00,1,
2025-11-03 15:41:00,2,"NO-Hardhat, NO-Safety Vest, NO-Mask"
2025-11-03 15:41:00,1,
2025-11-03 15:41:00,2,"NO-Hardhat, NO-Mask, NO-Hardhat"
2025-11-03 15:41:00,3,"NO-Mask, NO-Mask, NO-Safety Vest, NO-Safety Vest"
2025-11-03 15:41:00,1,"NO-Hardhat, NO-Mask"
2025-11-03 15:41:00,1,"NO-Hardhat, NO-Mask"
2025-11-03 15:41:01,1,NO-Hardhat
2025-11-03 15:41:01,2,"NO-Mask, NO-Safety Vest"
2025-11-03 15:41:01,1,"NO-Hardhat, NO-Mask"
2025-11-03 15:41:01,1,
2025-11-03 15:41:01,2,"NO-Mask, NO-Safety Vest, NO-Hardhat, NO-Mask"
2025-11-03 15:41:01,3,"NO-Hardhat, NO-Mask"
2025-11-03 15:41:01,1,"NO-Hardhat, NO-Mask"
2025-11-03 15:41:01,1,NO-Hardhat
2025-11-03 15:41:01,2,NO-Mask
2025-11-03 15:41:01,1,"NO-Hardhat, NO-Mask"
2025-11-03 15:41:01,1,"NO-Hardhat, NO-Mask"
2025-11-03 15:41:01,1,NO-Safety Vest
2025-11-03 15:41:01,2,"NO-Hardhat, NO-Hardhat, NO-Mask"
2025-11-03 15:41:01,1,
2025-11-03 15:41:01,2,"NO-Safety Vest, NO-Mask, NO-Hardhat"
2025-11-03 15:41:01,3,"NO-Mask, NO-Hardhat, NO-Mask, NO-Safety Vest"
2025-11-03 15:41:01,1,"NO-Hardhat, NO-Mask"
2025-11-03 15:41:01,1,"NO-Safety Vest, NO-Hardhat, NO-Hardhat"
2025-11-03 15:41:01,2,NO-Mask
2025-11-03 15:41:01,1,"NO-Hardhat, NO-Mask"
2025-11-03 15:41:01,1,"NO-Hardhat, NO-Mask"
2025-11-03 15:41:01,1,
2025-11-03 15:41:01,2,
2025-11-03 15:41:01,3,"NO-Safety Vest, NO-Mask, NO-Mask, NO-Mask, NO-Hardhat, NO-Hardhat"
2025-11-03 15:41:01,4,
2025-11-03 15:41:01,1,"NO-Hardhat, NO-Hardhat"
2025-11-03 15:41:01,2,NO-Mask
2025-11-03 15:41:01,1,"NO-Hardhat, NO-Mask"
2025-11-03 15:41:01,1,"NO-Hardhat, NO-Mask"
2025-11-03 15:41:01,1,NO-Hardhat
2025-11-03 15:41:01,2,"NO-Hardhat, NO-Mask, NO-Safety Vest"
2025-11-03 15:41:01,1,"NO-Hardhat, NO-Mask"
2025-11-03 15:41:01,1,NO-Safety Vest
2025-11-03 15:41:01,2,
2025-11-03 15:41:01,3,"NO-Mask, NO-Mask, NO-Hardhat, NO-Mask, NO-Hardhat"
2025-11-03 15:41:01,4,
2025-11-03 15:41:01,1,"NO-Hardhat, NO-Mask"
2025-11-03 15:41:01,2,
2025-11-03 15:41:01,1,NO-Hardhat
2025-11-03 15:41:01,2,"NO-Hardhat, NO-Mask"
2025-11-03 15:41:01,1,"NO-Hardhat, NO-Mask"
2025-11-03 15:41:01,2,
2025-11-03 15:41:01,1,
2025-11-03 15:41:01,2,
2025-11-03 15:41:01,3,"NO-Mask, NO-Hardhat, NO-Mask, NO-Mask, NO-Hardhat, NO-Safety Vest"
2025-11-03 15:41:01,4,
2025-11-03 15:41:01,1,"NO-Hardhat, NO-Mask"
2025-11-03 15:41:01,2,
2025-11-03 15:41:01,1,
2025-11-03 15:41:01,2,"NO-Hardhat, NO-Hardhat, NO-Mask, NO-Mask, NO-Safety Vest"
2025-11-03 15:41:01,1,"NO-Hardhat, NO-Mask"
2025-11-03 15:41:01,1,"NO-Hardhat, NO-Mask"
2025-11-03 15:41:01,2,
2025-11-03 15:41:01,1,
2025-11-03 15:41:01,2,
2025-11-03 15:41:01,3,"NO-Hardhat, NO-Mask, NO-Mask, NO-Mask, NO-Hardhat, NO-Safety Vest"
2025-11-03 15:41:01,1,"NO-Hardhat, NO-Mask"
2025-11-03 15:41:01,1,
2025-11-03 15:41:01,2,"NO-Hardhat, NO-Mask, NO-Mask"
2025-11-03 15:41:01,1,"NO-Hardhat, NO-Mask"
2025-11-03 15:41:01,1,"NO-Hardhat, NO-Mask"
2025-11-03 15:41:01,2,
2025-11-03 15:41:01,1,
2025-11-03 15:41:01,2,
2025-11-03 15:41:01,3,"NO-Hardhat, NO-Mask, NO-Mask, NO-Safety Vest, NO-Mask, NO-Hardhat"
2025-11-03 15:41:01,1,
2025-11-03 15:41:01,2,"NO-Hardhat, NO-Mask, NO-Safety Vest, NO-Mask"
2025-11-03 15:41:01,1,"NO-Hardhat, NO-Mask"
2025-11-03 15:41:02,2,
2025-11-03 15:41:02,1,"NO-Hardhat, NO-Mask"
2025-11-03 15:41:02,2,
2025-11-03 15:41:02,1,"NO-Safety Vest, NO-Hardhat"
2025-11-03 15:41:02,2,"NO-Safety Vest, NO-Mask, NO-Mask"
2025-11-03 15:41:02,1,"NO-Hardhat, NO-Mask"
2025-11-03 15:41:02,1,NO-Hardhat
2025-11-03 15:41:02,2,NO-Mask
2025-11-03 15:41:02,3,"NO-Mask, NO-Safety Vest, NO-Mask, NO-Hardhat"
2025-11-03 15:41:02,4,
2025-11-03 15:41:02,1,"NO-Hardhat, NO-Mask"
2025-11-03 15:41:02,1,"NO-Hardhat, NO-Mask"
2025-11-03 15:41:02,1,
2025-11-03 15:41:02,2,"NO-Safety Vest, NO-Mask, NO-Safety Vest"
2025-11-03 15:41:02,1,"NO-Hardhat, NO-Mask"
2025-11-03 15:41:02,1,NO-Hardhat
2025-11-03 15:41:02,2,
2025-11-03 15:41:02,3,"NO-Safety Vest, NO-Mask, NO-Hardhat, NO-Mask, NO-Mask"
2025-11-03 15:41:02,4,
2025-11-03 15:41:02,1,"NO-Hardhat, NO-Mask"
2025-11-03 15:41:02,1,"NO-Hardhat, NO-Safety Vest"
2025-11-03 15:41:02,2,"NO-Mask, NO-Safety Vest, NO-Mask"
2025-11-03 15:41:02,1,"NO-Hardhat, NO-Mask"
2025-11-03 15:41:02,1,NO-Hardhat
2025-11-03 15:41:02,2,
2025-11-03 15:41:02,3,NO-Safety Vest
2025-11-03 15:41:02,4,"NO-Hardhat, NO-Mask, NO-Mask, NO-Mask"
2025-11-03 15:41:02,1,"NO-Hardhat, NO-Safety Vest, NO-Hardhat"
2025-11-03 15:41:02,2,"NO-Safety Vest, NO-Mask, NO-Mask"
2025-11-03 15:41:02,1,"NO-Hardhat, NO-Mask"
2025-11-03 15:41:02,1,"NO-Hardhat, NO-Mask"
2025-11-03 15:41:02,1,
2025-11-03 15:41:02,2,"NO-Hardhat, NO-Hardhat"
2025-11-03 15:41:02,3,
2025-11-03 15:41:02,4,"NO-Safety Vest, NO-Hardhat, NO-Mask, NO-Mask"
2025-11-03 15:41:02,1,"NO-Hardhat, NO-Mask"
2025-11-03 15:41:02,1,"NO-Safety Vest, NO-Hardhat"
2025-11-03 15:41:02,2,"NO-Hardhat, NO-Mask, NO-Safety Vest, NO-Mask"
2025-11-03 15:41:02,1,"NO-Hardhat, NO-Mask"
2025-11-03 15:41:02,1,"NO-Hardhat, NO-Mask"
2025-11-03 15:41:02,1,
2025-11-03 15:41:02,2,"NO-Hardhat, NO-Hardhat"
2025-11-03 15:41:02,3,
2025-11-03 15:41:02,4,"NO-Safety Vest, NO-Hardhat, NO-Mask, NO-Mask, NO-Mask"
2025-11-03 15:41:02,1,NO-Safety Vest
2025-11-03 15:41:02,2,"NO-Hardhat, NO-Hardhat, NO-Safety Vest, NO-Mask, NO-Mask"
2025-11-03 15:41:02,1,"NO-Hardhat, NO-Mask"
2025-11-03 15:41:02,1,"NO-Hardhat, NO-Mask"
2025-11-03 15:41:02,1,"NO-Hardhat, NO-Hardhat, NO-Safety Vest"
2025-11-03 15:41:02,2,"NO-Mask, NO-Safety Vest, NO-Mask"
2025-11-03 15:41:02,1,NO-Hardhat
2025-11-03 15:41:02,2,NO-Hardhat
2025-11-03 15:41:02,3,
2025-11-03 15:41:02,4,"NO-Safety Vest, NO-Mask, NO-Hardhat, NO-Mask"
2025-11-03 15:41:02,1,"NO-Hardhat, NO-Mask"
2025-11-03 15:41:02,1,"NO-Hardhat, NO-Mask"
2025-11-03 15:41:02,1,"NO-Hardhat, NO-Hardhat, NO-Safety Vest"
2025-11-03 15:41:02,2,"NO-Safety Vest, NO-Mask, NO-Mask"
2025-11-03 15:41:02,1,"NO-Hardhat, NO-Hardhat"
2025-11-03 15:41:02,2,NO-Hardhat
2025-11-03 15:41:02,3,
2025-11-03 15:41:02,4,"NO-Mask, NO-Safety Vest, NO-Hardhat, NO-Mask"
2025-11-03 15:41:02,1,"NO-Hardhat, NO-Mask"
2025-11-03 15:41:03,1,"NO-Hardhat, NO-Mask"
2025-11-03 15:41:03,1,"NO-Hardhat, NO-Mask"
2025-11-03 15:41:03,1,"NO-Hardhat, NO-Safety Vest"
2025-11-03 15:41:03,2,"NO-Hardhat, NO-Safety Vest, NO-Mask, NO-Mask"
2025-11-03 15:41:03,1,"NO-Hardhat, NO-Safety Vest, NO-Hardhat"
2025-11-03 15:41:03,2,
2025-11-03 15:41:03,3,NO-Hardhat
2025-11-03 15:41:03,4,"NO-Mask, NO-Hardhat, NO-Safety Vest, NO-Mask"
2025-11-03 15:41:03,1,"NO-Hardhat, NO-Mask"
2025-11-03 15:41:03,1,"NO-Hardhat, NO-Mask"
2025-11-03 15:41:03,1,NO-Safety Vest
2025-11-03 15:41:03,2,"NO-Hardhat, NO-Safety Vest, NO-Mask, NO-Mask"
2025-11-03 15:41:03,1,"NO-Hardhat, NO-Safety Vest, NO-Hardhat"
2025-11-03 15:41:03,2,NO-Hardhat
2025-11-03 15:41:03,3,
2025-11-03 15:41:03,4,"NO-Mask, NO-Hardhat, NO-Safety Vest, NO-Mask"
2025-11-03 15:41:03,1,"NO-Hardhat, NO-Mask"
2025-11-03 15:41:03,1,"NO-Hardhat, NO-Mask"
2025-11-03 15:41:03,1,"NO-Safety Vest, NO-Hardhat"
2025-11-03 15:41:03,2,"NO-Safety Vest, NO-Mask, NO-Mask"
2025-11-03 15:41:03,1,"NO-Hardhat, NO-Safety Vest, NO-Hardhat"
2025-11-03 15:41:03,2,NO-Hardhat
2025-11-03 15:41:03,3,
2025-11-03 15:41:03,4,"NO-Mask, NO-Mask, NO-Hardhat, NO-Safety Vest"
2025-11-03 15:41:03,1,"NO-Hardhat, NO-Mask"
2025-11-03 15:41:03,1,"NO-Hardhat, NO-Mask"
2025-11-03 15:41:03,1,"NO-Hardhat, NO-Hardhat, NO-Safety Vest"
2025-11-03 15:41:03,2,"NO-Mask, NO-Safety Vest"
2025-11-03 15:41:03,1,"NO-Hardhat, NO-Mask"
2025-11-03 15:41:03,1,NO-Hardhat
2025-11-03 15:41:03,2,NO-Hardhat
2025-11-03 15:41:03,3,NO-Mask
2025-11-03 15:41:03,4,"NO-Mask, NO-Mask"
2025-11-03 15:41:03,1,"NO-Hardhat, NO-Mask"
2025-11-03 15:41:03,1,"NO-Hardhat, NO-Hardhat"
2025-11-03 15:41:03,2,"NO-Safety Vest, NO-Mask, NO-Safety Vest, NO-Mask"
2025-11-03 15:41:03,1,"NO-Hardhat, NO-Mask"
2025-11-03 15:41:03,1,NO-Hardhat
2025-11-03 15:41:03,2,NO-Hardhat
2025-11-03 15:41:03,3,
2025-11-03 15:41:03,4,"NO-Mask, NO-Mask, NO-Mask"
2025-11-03 15:41:03,1,"NO-Hardhat, NO-Mask"
2025-11-03 15:41:03,1,NO-Hardhat
2025-11-03 15:41:03,2,"NO-Safety Vest, NO-Hardhat, NO-Mask, NO-Safety Vest, NO-Mask"
2025-11-03 15:41:03,1,"NO-Hardhat, NO-Mask"
2025-11-03 15:41:03,1,"NO-Hardhat, NO-Mask"
2025-11-03 15:41:03,1,"NO-Hardhat, NO-Hardhat"
2025-11-03 15:41:03,2,
2025-11-03 15:41:03,3,
2025-11-03 15:41:03,4,"NO-Mask, NO-Hardhat, NO-Mask, NO-Safety Vest"
2025-11-03 15:41:03,1,NO-Hardhat
2025-11-03 15:41:03,2,"NO-Safety Vest, NO-Hardhat, NO-Mask, NO-Mask, NO-Safety Vest"
2025-11-03 15:41:03,1,"NO-Hardhat, NO-Mask"
2025-11-03 15:41:03,1,"NO-Hardhat, NO-Mask"
2025-11-03 15:41:03,1,"NO-Hardhat, NO-Hardhat, NO-Hardhat"
2025-11-03 15:41:03,2,
2025-11-03 15:41:03,3,
2025-11-03 15:41:03,4,"NO-Mask, NO-Safety Vest, NO-Hardhat, NO-Mask"
2025-11-03 15:41:03,1,NO-Hardhat
2025-11-03 15:41:03,2,"NO-Safety Vest, NO-Hardhat, NO-Mask, NO-Safety Vest, NO-Mask"
2025-11-03 15:41:03,1,"NO-Hardhat, NO-Mask"
2025-11-03 15:41:03,1,"NO-Hardhat, NO-Mask"
2025-11-03 15:41:03,1,"NO-Hardhat, NO-Mask"
2025-11-03 15:41:04,1,"NO-Hardhat, NO-Safety Vest"
2025-11-03 15:41:04,2,"NO-Hardhat, NO-Mask, NO-Mask"
2025-11-03 15:41:04,1,
2025-11-03 15:41:04,2,"NO-Hardhat, NO-Hardhat"
2025-11-03 15:41:04,3,
2025-11-03 15:41:04,4,"NO-Mask, NO-Safety Vest, NO-Hardhat, NO-Mask"
2025-11-03 15:41:04,1,"NO-Hardhat, NO-Mask"
2025-11-03 15:41:04,1,"NO-Hardhat, NO-Mask"
2025-11-03 15:41:04,1,NO-Hardhat
2025-11-03 15:41:04,2,"NO-Safety Vest, NO-Hardhat, NO-Mask, NO-Mask"
2025-11-03 15:41:04,1,"NO-Hardhat, NO-Mask"
2025-11-03 15:41:04,1,"NO-Safety Vest, NO-Hardhat, NO-Hardhat"
2025-11-03 15:41:04,2,NO-Hardhat
2025-11-03 15:41:04,3,
2025-11-03 15:41:04,4,"NO-Mask, NO-Safety Vest, NO-Hardhat, NO-Mask"
2025-11-03 15:41:04,1,"NO-Hardhat, NO-Mask"
2025-11-03 15:41:04,1,
2025-11-03 15:41:04,2,"NO-Safety Vest, NO-Hardhat, NO-Mask, NO-Mask"
2025-11-03 15:41:04,1,"NO-Hardhat, NO-Mask"
2025-11-03 15:41:04,1,
2025-11-03 15:41:04,2,"NO-Hardhat, NO-Hardhat"
2025-11-03 15:41:04,3,
2025-11-03 15:41:04,4,"NO-Safety Vest, NO-Mask, NO-Hardhat, NO-Mask"
2025-11-03 15:41:04,1,"NO-Hardhat, NO-Mask"
2025-11-03 15:41:04,1,
2025-11-03 15:41:04,2,"NO-Safety Vest, NO-Hardhat, NO-Mask, NO-Safety Vest, NO-Mask"
2025-11-03 15:41:04,1,"NO-Hardhat, NO-Mask"
2025-11-03 15:41:04,1,"NO-Safety Vest, NO-Hardhat"
2025-11-03 15:41:04,2,NO-Hardhat
2025-11-03 15:41:04,3,NO-Safety Vest
2025-11-03 15:41:04,4,"NO-Mask, NO-Hardhat, NO-Mask"
2025-11-03 15:41:04,1,"NO-Hardhat, NO-Mask"
2025-11-03 15:41:04,1,"NO-Hardhat, NO-Mask"
2025-11-03 15:41:04,1,
2025-11-03 15:41:04,2,"NO-Hardhat, NO-Mask, NO-Safety Vest, NO-Mask"
2025-11-03 15:41:04,1,"NO-Hardhat, NO-Mask"
2025-11-03 15:41:04,1,NO-Hardhat
2025-11-03 15:41:04,2,NO-Safety Vest
2025-11-03 15:41:04,3,
2025-11-03 15:41:04,4,"NO-Mask, NO-Safety Vest, NO-Hardhat, NO-Mask"
2025-11-03 15:41:04,1,"NO-Hardhat, NO-Mask"
2025-11-03 15:41:04,1,
2025-11-03 15:41:04,2,"NO-Hardhat, NO-Mask, NO-Mask"
2025-11-03 15:41:04,1,"NO-Hardhat, NO-Mask"
2025-11-03 15:41:04,1,"NO-Hardhat, NO-Mask"
2025-11-03 15:41:04,1,NO-Safety Vest
2025-11-03 15:41:04,2,"NO-Hardhat, NO-Mask, NO-Safety Vest, NO-Mask"
2025-11-03 15:41:04,1,"NO-Hardhat, NO-Safety Vest"
2025-11-03 15:41:04,2,
2025-11-03 15:41:04,3,NO-Safety Vest
2025-11-03 15:41:04,4,"NO-Mask, NO-Hardhat, NO-Mask"
2025-11-03 15:41:04,1,"NO-Hardhat, NO-Mask"
2025-11-03 15:41:04,1,"NO-Hardhat, NO-Mask"
2025-11-03 15:41:04,1,
2025-11-03 15:41:04,2,"NO-Hardhat, NO-Safety Vest, NO-Hardhat, NO-Mask, NO-Safety Vest, NO-Mask"
2025-11-03 15:41:04,1,"NO-Hardhat, NO-Mask"
2025-11-03 15:41:04,1,"NO-Safety Vest, NO-Hardhat, NO-Hardhat"
2025-11-03 15:41:04,2,
2025-11-03 15:41:04,3,
2025-11-03 15:41:04,4,"NO-Safety Vest, NO-Mask, NO-Hardhat, NO-Mask"
2025-11-03 15:41:04,1,"NO-Hardhat, NO-Mask"
2025-11-03 15:41:04,1,"NO-Hardhat, NO-Mask"
2025-11-03 15:41:04,1,
2025-11-03 15:41:04,2,"NO-Hardhat, NO-Safety Vest, NO-Hardhat, NO-Mask, NO-Safety Vest, NO-Mask"
2025-11-03 15:41:04,1,"NO-Hardhat, NO-Hardhat"
2025-11-03 15:41:04,2,
2025-11-03 15:41:04,3,NO-Safety Vest
2025-11-03 15:41:04,4,"NO-Safety Vest, NO-Mask, NO-Hardhat, NO-Mask"
2025-11-03 15:41:05,1,"NO-Hardhat, NO-Mask"
2025-11-03 15:41:05,1,"NO-Hardhat, NO-Mask"
2025-11-03 15:41:05,1,
2025-11-03 15:41:05,2,"NO-Hardhat, NO-Safety Vest, NO-Safety Vest, NO-Hardhat, NO-Mask, NO-Mask"
2025-11-03 15:41:05,1,"NO-Hardhat, NO-Hardhat, NO-Safety Vest"
2025-11-03 15:41:05,2,
2025-11-03 15:41:05,3,"NO-Safety Vest, NO-Hardhat, NO-Mask"
2025-11-03 15:41:05,4,NO-Mask
2025-11-03 15:41:05,1,"NO-Hardhat, NO-Mask"
2025-11-03 15:41:05,1,"NO-Hardhat, NO-Mask"
2025-11-03 15:41:05,1,NO-Hardhat
2025-11-03 15:41:05,2,"NO-Safety Vest, NO-Safety Vest, NO-Hardhat, NO-Mask, NO-Mask"
2025-11-03 15:41:05,1,"NO-Hardhat, NO-Mask"
2025-11-03 15:41:05,1,"NO-Safety Vest, NO-Hardhat, NO-Hardhat"
2025-11-03 15:41:05,2,
2025-11-03 15:41:05,3,"NO-Safety Vest, NO-Mask, NO-Hardhat"
2025-11-03 15:41:05,4,NO-Mask
2025-11-03 15:41:05,1,"NO-Hardhat, NO-Mask"
2025-11-03 15:41:05,1,
2025-11-03 15:41:05,2,"NO-Safety Vest, NO-Hardhat, NO-Safety Vest, NO-Hardhat, NO-Mask"
2025-11-03 15:41:05,1,"NO-Hardhat, NO-Mask"
2025-11-03 15:41:05,1,"NO-Hardhat, NO-Mask"
2025-11-03 15:41:05,1,
2025-11-03 15:41:05,1,"NO-Hardhat, NO-Hardhat, NO-Safety Vest"
2025-11-03 15:41:05,2,"NO-Hardhat, NO-Safety Vest, NO-Hardhat, NO-Mask"
2025-11-03 15:41:05,2,
2025-11-03 15:41:05,3,"NO-Hardhat, NO-Mask, NO-Safety Vest, NO-Mask"
2025-11-03 15:41:05,4,NO-Mask
2025-11-03 15:41:05,1,"NO-Hardhat, NO-Mask"
2025-11-03 15:41:05,1,"NO-Hardhat, NO-Mask"
2025-11-03 15:41:05,1,"NO-Safety Vest, NO-Hardhat"
2025-11-03 15:41:05,2,"NO-Safety Vest, NO-Hardhat, NO-Mask"
2025-11-03 15:41:05,1,"NO-Hardhat, NO-Mask"
2025-11-03 15:41:05,2,
2025-11-03 15:41:05,1,NO-Hardhat
2025-11-03 15:41:05,2,
2025-11-03 15:41:05,3,NO-Mask
2025-11-03 15:41:05,4,"NO-Safety Vest, NO-Hardhat, NO-Mask, NO-Mask"
2025-11-03 15:41:05,1,"NO-Hardhat, NO-Mask"
2025-11-03 15:41:05,2,
2025-11-03 15:41:05,1,NO-Hardhat
2025-11-03 15:41:05,2,"NO-Safety Vest, NO-Hardhat, NO-Mask"
2025-11-03 15:41:05,1,"NO-Hardhat, NO-Mask"
2025-11-03 15:41:05,2,
2025-11-03 15:41:05,1,NO-Hardhat
2025-11-03 15:41:05,2,
2025-11-03 15:41:05,3,
2025-11-03 15:41:05,4,"NO-Mask, NO-Hardhat, NO-Mask, NO-Mask"
2025-11-03 15:41:05,1,"NO-Hardhat, NO-Mask"
2025-11-03 15:41:05,2,
2025-11-03 15:41:05,1,"NO-Hardhat, NO-Mask"
2025-11-03 15:41:05,2,
2025-11-03 15:41:05,1,NO-Safety Vest
2025-11-03 15:41:05,2,"NO-Hardhat, NO-Hardhat, NO-Mask"
2025-11-03 15:41:05,1,"NO-Hardhat, NO-Safety Vest, NO-Hardhat"
2025-11-03 15:41:05,2,
2025-11-03 15:41:05,3,
2025-11-03 15:41:05,4,"NO-Mask, NO-Hardhat, NO-Mask, NO-Mask"
2025-11-03 15:41:05,1,"NO-Hardhat, NO-Mask"
2025-11-03 15:41:05,2,
2025-11-03 15:41:05,1,"NO-Hardhat, NO-Mask"
2025-11-03 15:41:05,2,
2025-11-03 15:41:05,1,NO-Safety Vest
2025-11-03 15:41:05,2,"NO-Hardhat, NO-Hardhat, NO-Mask"
2025-11-03 15:41:05,1,"NO-Hardhat, NO-Hardhat"
2025-11-03 15:41:05,2,
2025-11-03 15:41:05,3,
2025-11-03 15:41:05,4,"NO-Mask, NO-Hardhat, NO-Mask"
2025-11-03 15:41:06,1,"NO-Hardhat, NO-Mask"
2025-11-03 15:41:06,2,
2025-11-03 15:41:06,1,"NO-Hardhat, NO-Mask"
2025-11-03 15:41:06,2,
2025-11-03 15:41:06,1,
2025-11-03 15:41:06,2,"NO-Hardhat, NO-Hardhat, NO-Mask, NO-Mask"
2025-11-03 15:41:06,1,NO-Hardhat
2025-11-03 15:41:06,2,
2025-11-03 15:41:06,3,"NO-Mask, NO-Hardhat"
2025-11-03 15:41:06,4,NO-Mask
2025-11-03 15:41:06,1,"NO-Hardhat, NO-Mask"
2025-11-03 15:41:06,2,
2025-11-03 15:41:06,1,"NO-Hardhat, NO-Mask"
2025-11-03 15:41:06,2,
2025-11-03 15:41:06,1,NO-Hardhat
2025-11-03 15:41:06,2,"NO-Hardhat, NO-Mask"
2025-11-03 15:41:06,1,"NO-Hardhat, NO-Mask"
2025-11-03 15:41:06,2,
2025-11-03 15:41:06,1,
2025-11-03 15:41:06,2,
2025-11-03 15:41:06,3,
2025-11-03 15:41:06,4,"NO-Mask, NO-Hardhat, NO-Mask"
2025-11-03 15:41:06,1,"NO-Hardhat, NO-Mask"
2025-11-03 15:41:06,2,
2025-11-03 15:41:06,1,NO-Hardhat
2025-11-03 15:41:06,2,"NO-Hardhat, NO-Mask"
2025-11-03 15:41:06,1,"NO-Hardhat, NO-Mask"
2025-11-03 15:41:06,2,
2025-11-03 15:41:06,1,NO-Safety Vest
2025-11-03 15:41:06,2,
2025-11-03 15:41:06,3,
2025-11-03 15:41:06,4,"NO-Mask, NO-Hardhat, NO-Mask, NO-Mask"
2025-11-03 15:41:06,1,"NO-Hardhat, NO-Mask"
2025-11-03 15:41:06,2,
2025-11-03 15:41:06,1,NO-Hardhat
2025-11-03 15:41:06,2,"NO-Hardhat, NO-Mask, NO-Mask"
2025-11-03 15:41:06,1,"NO-Hardhat, NO-Mask"
2025-11-03 15:41:06,2,
2025-11-03 15:41:06,1,"NO-Hardhat, NO-Mask"
2025-11-03 15:41:06,2,
2025-11-03 15:41:06,1,
2025-11-03 15:41:06,2,NO-Safety Vest
2025-11-03 15:41:06,3,
2025-11-03 15:41:06,4,"NO-Mask, NO-Hardhat, NO-Mask, NO-Mask"
2025-11-03 15:41:06,1,NO-Safety Vest
2025-11-03 15:41:06,2,"NO-Hardhat, NO-Safety Vest, NO-Mask"
2025-11-03 15:41:06,1,"NO-Hardhat, NO-Mask"
2025-11-03 15:41:06,2,
2025-11-03 15:41:06,1,"NO-Hardhat, NO-Mask"
2025-11-03 15:41:06,2,
2025-11-03 15:41:06,1,"NO-Hardhat, NO-Mask"
2025-11-03 15:41:06,1,NO-Hardhat
2025-11-03 15:41:06,2,
2025-11-03 15:41:06,3,NO-Safety Vest
2025-11-03 15:41:06,4,"NO-Hardhat, NO-Mask, NO-Mask, NO-Mask"
2025-11-03 15:41:06,1,
2025-11-03 15:41:06,2,"NO-Safety Vest, NO-Hardhat, NO-Safety Vest, NO-Mask"
2025-11-03 15:41:06,1,"NO-Hardhat, NO-Mask"
2025-11-03 15:41:06,1,
2025-11-03 15:41:06,2,"NO-Safety Vest, NO-Hardhat, NO-Safety Vest, NO-Mask"
2025-11-03 15:41:06,1,"NO-Hardhat, NO-Mask"
2025-11-03 15:41:06,1,
2025-11-03 15:41:06,2,NO-Hardhat
2025-11-03 15:41:06,3,NO-Safety Vest
2025-11-03 15:41:06,4,"NO-Hardhat, NO-Mask, NO-Mask, NO-Mask"
2025-11-03 15:41:06,1,"NO-Hardhat, NO-Mask"
2025-11-03 15:41:06,1,
2025-11-03 15:41:06,2,"NO-Safety Vest, NO-Hardhat, NO-Hardhat, NO-Safety Vest, NO-Mask, NO-Mask"
2025-11-03 15:41:06,1,"NO-Hardhat, NO-Mask"
2025-11-03 15:41:06,1,
2025-11-03 15:41:06,2,"NO-Hardhat, NO-Hardhat"
2025-11-03 15:41:06,3,NO-Safety Vest
2025-11-03 15:41:06,4,"NO-Hardhat, NO-Mask, NO-Mask, NO-Mask"
2025-11-03 15:41:06,1,"NO-Hardhat, NO-Mask"
2025-11-03 15:41:07,1,
2025-11-03 15:41:07,2,"NO-Safety Vest, NO-Hardhat, NO-Hardhat, NO-Safety Vest, NO-Mask, NO-Mask"
2025-11-03 15:41:07,1,"NO-Hardhat, NO-Mask"
2025-11-03 15:41:07,1,"NO-Hardhat, NO-Hardhat"
2025-11-03 15:41:07,2,NO-Hardhat
2025-11-03 15:41:07,3,"NO-Safety Vest, NO-Hardhat, NO-Mask"
2025-11-03 15:41:07,4,"NO-Mask, NO-Safety Vest"
2025-11-03 15:41:07,1,"NO-Hardhat, NO-Mask"
2025-11-03 15:41:07,1,
2025-11-03 15:41:07,2,"NO-Safety Vest, NO-Hardhat, NO-Hardhat, NO-Safety Vest, NO-Mask, NO-Mask"
2025-11-03 15:41:07,1,"NO-Hardhat, NO-Mask"
2025-11-03 15:41:07,1,"NO-Hardhat, NO-Hardhat, NO-Hardhat"
2025-11-03 15:41:07,2,
2025-11-03 15:41:07,3,"NO-Hardhat, NO-Safety Vest, NO-Mask"
2025-11-03 15:41:07,4,"NO-Mask, NO-Safety Vest"
2025-11-03 15:41:07,1,"NO-Hardhat, NO-Mask"
2025-11-03 15:41:07,1,NO-Safety Vest
2025-11-03 15:41:07,2,"NO-Hardhat, NO-Safety Vest, NO-Hardhat, NO-Mask, NO-Mask"
2025-11-03 15:41:07,1,"NO-Hardhat, NO-Mask"
2025-11-03 15:41:07,1,"NO-Hardhat, NO-Mask"
2025-11-03 15:41:07,1,NO-Safety Vest
2025-11-03 15:41:07,2,"NO-Safety Vest, NO-Hardhat, NO-Hardhat, NO-Mask"
2025-11-03 15:41:07,1,"NO-Hardhat, NO-Hardhat"
2025-11-03 15:41:07,2,
2025-11-03 15:41:07,3,"NO-Hardhat, NO-Mask, NO-Safety Vest, NO-Safety Vest, NO-Mask"
2025-11-03 15:41:07,4,
2025-11-03 15:41:07,1,"NO-Hardhat, NO-Mask"
2025-11-03 15:41:07,1,"NO-Hardhat, NO-Mask"
2025-11-03 15:41:07,1,"NO-Hardhat, NO-Mask"
2025-11-03 15:41:07,1,NO-Safety Vest
2025-11-03 15:41:07,2,"NO-Safety Vest, NO-Hardhat, NO-Mask"
2025-11-03 15:41:07,1,NO-Hardhat
2025-11-03 15:41:07,2,
2025-11-03 15:41:07,3,"NO-Hardhat, NO-Safety Vest, NO-Hardhat, NO-Mask, NO-Safety Vest"
2025-11-03 15:41:07,4,NO-Mask
2025-11-03 15:41:07,1,"NO-Hardhat, NO-Mask"
2025-11-03 15:41:07,1,"NO-Hardhat, NO-Mask"
2025-11-03 15:41:07,1,
2025-11-03 15:41:07,2,"NO-Safety Vest, NO-Hardhat, NO-Mask"
2025-11-03 15:41:07,1,
2025-11-03 15:41:07,2,"NO-Hardhat, NO-Safety Vest"
2025-11-03 15:41:07,3,"NO-Safety Vest, NO-Mask, NO-Hardhat"
2025-11-03 15:41:07,4,NO-Mask
2025-11-03 15:41:07,1,"NO-Hardhat, NO-Mask"
2025-11-03 15:41:07,1,"NO-Hardhat, NO-Mask"
2025-11-03 15:41:07,1,NO-Hardhat
2025-11-03 15:41:07,2,"NO-Safety Vest, NO-Hardhat, NO-Mask"
2025-11-03 15:41:07,1,NO-Hardhat
2025-11-03 15:41:07,2,"NO-Safety Vest, NO-Mask"
2025-11-03 15:41:07,3,NO-Safety Vest
2025-11-03 15:41:07,4,"NO-Hardhat, NO-Mask"
2025-11-03 15:41:07,1,"NO-Hardhat, NO-Mask"
2025-11-03 15:41:07,1,
2025-11-03 15:41:07,2,"NO-Hardhat, NO-Safety Vest, NO-Hardhat, NO-Safety Vest"
2025-11-03 15:41:07,1,"NO-Hardhat, NO-Mask"
2025-11-03 15:41:07,1,"NO-Hardhat, NO-Mask"
2025-11-03 15:41:07,1,"NO-Hardhat, NO-Safety Vest"
2025-11-03 15:41:07,2,"NO-Safety Vest, NO-Hardhat, NO-Mask"
2025-11-03 15:41:07,1,NO-Hardhat
2025-11-03 15:41:07,2,
2025-11-03 15:41:07,3,"NO-Safety Vest, NO-Mask"
2025-11-03 15:41:07,4,"NO-Mask, NO-Safety Vest, NO-Hardhat"
2025-11-03 15:41:07,1,"NO-Hardhat, NO-Mask"
2025-11-03 15:41:07,1,"NO-Hardhat, NO-Mask"
2025-11-03 15:41:07,1,NO-Hardhat
2025-11-03 15:41:07,2,"NO-Safety Vest, NO-Hardhat, NO-Safety Vest, NO-Mask"
2025-11-03 15:41:08,1,
2025-11-03 15:41:08,2,
2025-11-03 15:41:08,3,"NO-Safety Vest, NO-Mask, NO-Mask"
2025-11-03 15:41:08,4,NO-Hardhat
2025-11-03 15:41:08,1,"NO-Hardhat, NO-Mask"
2025-11-03 15:41:08,1,"NO-Hardhat, NO-Mask"
2025-11-03 15:41:08,1,
2025-11-03 15:41:08,2,"NO-Hardhat, NO-Hardhat, NO-Safety Vest, NO-Safety Vest, NO-Mask"
2025-11-03 15:41:08,1,
2025-11-03 15:41:08,2,
2025-11-03 15:41:08,3,"NO-Safety Vest, NO-Mask"
2025-11-03 15:41:08,4,NO-Mask
2025-11-03 15:41:08,1,"NO-Hardhat, NO-Mask"
2025-11-03 15:41:08,1,"NO-Hardhat, NO-Mask"
2025-11-03 15:41:08,1,
2025-11-03 15:41:08,2,"NO-Hardhat, NO-Safety Vest, NO-Hardhat, NO-Safety Vest, NO-Mask"
2025-11-03 15:41:08,1,
2025-11-03 15:41:08,2,
2025-11-03 15:41:08,3,"NO-Mask, NO-Safety Vest"
2025-11-03 15:41:08,4,NO-Mask
2025-11-03 15:41:08,1,"NO-Hardhat, NO-Mask"
2025-11-03 15:41:08,1,"NO-Hardhat, NO-Mask"
2025-11-03 15:41:08,1,
2025-11-03 15:41:08,2,"NO-Safety Vest, NO-Hardhat, NO-Hardhat, NO-Mask"
2025-11-03 15:41:08,1,NO-Hardhat
2025-11-03 15:41:08,2,NO-Mask
2025-11-03 15:41:08,3,
2025-11-03 15:41:08,4,"NO-Safety Vest, NO-Mask, NO-Mask"
2025-11-03 15:41:08,1,"NO-Hardhat, NO-Mask"
2025-11-03 15:41:08,1,"NO-Hardhat, NO-Mask"
2025-11-03 15:41:08,1,NO-Safety Vest
2025-11-03 15:41:08,2,"NO-Hardhat, NO-Hardhat, NO-Safety Vest, NO-Mask"
2025-11-03 15:41:08,1,NO-Hardhat
2025-11-03 15:41:08,2,
2025-11-03 15:41:08,3,"NO-Mask, NO-Safety Vest, NO-Mask"
2025-11-03 15:41:08,4,NO-Mask
2025-11-03 15:41:08,1,"NO-Hardhat, NO-Mask"
2025-11-03 15:41:08,1,"NO-Hardhat, NO-Mask"
2025-11-03 15:41:08,1,"NO-Hardhat, NO-Hardhat"
2025-11-03 15:41:08,2,"NO-Safety Vest, NO-Mask"
2025-11-03 15:41:08,1,NO-Hardhat
2025-11-03 15:41:08,2,
2025-11-03 15:41:08,3,"NO-Mask, NO-Safety Vest, NO-Mask, NO-Mask"
2025-11-03 15:41:08,1,"NO-Hardhat, NO-Mask"
2025-11-03 15:41:08,1,"NO-Hardhat, NO-Mask"
2025-11-03 15:41:08,1,"NO-Safety Vest, NO-Mask"
2025-11-03 15:41:08,2,
2025-11-03 15:41:08,1,NO-Hardhat
2025-11-03 15:41:08,2,
2025-11-03 15:41:08,3,"NO-Mask, NO-Mask, NO-Safety Vest, NO-Mask"
2025-11-03 15:41:08,1,"NO-Hardhat, NO-Mask"
2025-11-03 15:41:08,1,NO-Mask
2025-11-03 15:41:08,1,"NO-Hardhat, NO-Mask"
2025-11-03 15:41:08,1,NO-Hardhat
2025-11-03 15:41:08,2,
2025-11-03 15:41:08,3,"NO-Mask, NO-Mask, NO-Safety Vest, NO-Mask"
2025-11-03 15:41:08,1,"NO-Hardhat, NO-Mask"
2025-11-03 15:41:08,1,"NO-Hardhat, NO-Mask"
2025-11-03 15:41:08,1,"NO-Hardhat, NO-Mask"
2025-11-03 15:41:08,1,"NO-Hardhat, NO-Hardhat"
2025-11-03 15:41:08,1,"NO-Hardhat, NO-Hardhat"
2025-11-03 15:41:08,2,NO-Mask
2025-11-03 15:41:08,3,"NO-Mask, NO-Mask, NO-Safety Vest"
2025-11-03 15:41:08,1,"NO-Hardhat, NO-Mask"
2025-11-03 15:41:09,1,"NO-Hardhat, NO-Safety Vest"
2025-11-03 15:41:09,1,"NO-Hardhat, NO-Mask"
2025-11-03 15:41:09,1,NO-Hardhat
2025-11-03 15:41:09,1,NO-Hardhat
2025-11-03 15:41:09,1,NO-Hardhat
2025-11-03 15:41:09,2,NO-Mask
2025-11-03 15:41:09,3,"NO-Mask, NO-Mask, NO-Safety Vest"
2025-11-03 15:41:09,1,"NO-Hardhat, NO-Mask"
2025-11-03 15:41:09,1,"NO-Hardhat, NO-Safety Vest"
2025-11-03 15:41:09,1,"NO-Hardhat, NO-Mask"
2025-11-03 15:41:09,1,NO-Hardhat
2025-11-03 15:41:09,2,NO-Mask
2025-11-03 15:41:09,3,"NO-Mask, NO-Safety Vest, NO-Mask"
2025-11-03 15:41:09,1,"NO-Hardhat, NO-Mask"
2025-11-03 15:41:09,1,"NO-Safety Vest, NO-Hardhat, NO-Hardhat"
2025-11-03 15:41:09,1,"NO-Hardhat, NO-Mask"
2025-11-03 15:41:09,1,"NO-Safety Vest, NO-Hardhat"
2025-11-03 15:41:09,1,"NO-Hardhat, NO-Mask"
2025-11-03 15:41:09,1,
2025-11-03 15:41:09,1,NO-Hardhat
2025-11-03 15:41:09,2,NO-Mask
2025-11-03 15:41:09,3,"NO-Mask, NO-Safety Vest, NO-Mask"
2025-11-03 15:41:09,1,NO-Hardhat
2025-11-03 15:41:09,1,"NO-Hardhat, NO-Mask"
2025-11-03 15:41:09,1,"NO-Hardhat, NO-Mask"
2025-11-03 15:41:09,1,"NO-Safety Vest, NO-Hardhat"
2025-11-03 15:41:09,1,NO-Hardhat
2025-11-03 15:41:09,2,NO-Mask
2025-11-03 15:41:09,3,"NO-Mask, NO-Safety Vest, NO-Mask"
2025-11-03 15:41:09,1,"NO-Hardhat, NO-Mask"
2025-11-03 15:41:09,1,"NO-Safety Vest, NO-Hardhat"
2025-11-03 15:41:09,1,"NO-Hardhat, NO-Mask"
2025-11-03 15:41:09,1,NO-Hardhat
2025-11-03 15:41:09,2,NO-Mask
2025-11-03 15:41:09,3,"NO-Safety Vest, NO-Mask, NO-Mask"
2025-11-03 15:41:09,1,"NO-Safety Vest, NO-Hardhat, NO-Mask"
2025-11-03 15:41:09,1,"NO-Hardhat, NO-Mask"
2025-11-03 15:41:09,1,"NO-Safety Vest, NO-Hardhat, NO-Mask"
2025-11-03 15:41:09,1,"NO-Hardhat, NO-Mask"
2025-11-03 15:41:09,1,"NO-Hardhat, NO-Mask"
2025-11-03 15:41:09,2,
2025-11-03 15:41:09,3,"NO-Safety Vest, NO-Mask, NO-Mask"
2025-11-03 15:41:09,1,"NO-Hardhat, NO-Mask"
2025-11-03 15:41:09,1,"NO-Hardhat, NO-Mask"
2025-11-03 15:41:09,2,
2025-11-03 15:41:09,1,NO-Hardhat
2025-11-03 15:41:09,2,
2025-11-03 15:41:09,1,"NO-Hardhat, NO-Mask"
2025-11-03 15:41:09,1,
2025-11-03 15:41:09,2,
2025-11-03 15:41:09,3,"NO-Mask, NO-Safety Vest, NO-Mask"
2025-11-03 15:41:09,1,NO-Hardhat
2025-11-03 15:41:09,2,
2025-11-03 15:41:10,1,"NO-Safety Vest, NO-Hardhat, NO-Mask"
2025-11-03 15:41:10,1,NO-Hardhat
2025-11-03 15:41:10,2,
2025-11-03 15:41:10,1,NO-Hardhat
2025-11-03 15:41:10,2,
2025-11-03 15:41:10,1,
2025-11-03 15:41:10,2,NO-Mask
2025-11-03 15:41:10,3,"NO-Mask, NO-Safety Vest, NO-Mask"
2025-11-03 15:41:10,1,"NO-Hardhat, NO-Mask, NO-Hardhat"
2025-11-03 15:41:10,1,NO-Hardhat
2025-11-03 15:41:10,2,
2025-11-03 15:41:10,1,NO-Hardhat
2025-11-03 15:41:10,2,
2025-11-03 15:41:10,1,"NO-Hardhat, NO-Mask"
2025-11-03 15:41:10,1,NO-Hardhat
2025-11-03 15:41:10,2,
2025-11-03 15:41:10,1,NO-Hardhat
2025-11-03 15:41:10,2,
2025-11-03 15:41:10,3,"NO-Mask, NO-Safety Vest, NO-Mask, NO-Mask"
2025-11-03 15:41:10,1,NO-Hardhat
2025-11-03 15:41:10,2,
2025-11-03 15:41:10,1,"NO-Hardhat, NO-Hardhat"
2025-11-03 15:41:10,2,"NO-Mask, NO-Mask"
2025-11-03 15:41:10,1,NO-Hardhat
2025-11-03 15:41:10,2,
2025-11-03 15:41:10,1,NO-Hardhat
2025-11-03 15:41:10,2,NO-Mask
2025-11-03 15:41:10,3,"NO-Safety Vest, NO-Mask"
2025-11-03 15:41:10,1,NO-Hardhat
2025-11-03 15:41:10,2,
2025-11-03 15:41:10,1,"NO-Hardhat, NO-Hardhat, NO-Mask"
2025-11-03 15:41:10,2,
2025-11-03 15:41:10,1,NO-Hardhat
2025-11-03 15:41:10,2,
2025-11-03 15:41:10,1,
2025-11-03 15:41:10,2,"NO-Hardhat, NO-Mask, NO-Safety Vest"
2025-11-03 15:41:10,3,NO-Mask
2025-11-03 15:41:10,1,NO-Hardhat
2025-11-03 15:41:10,2,
2025-11-03 15:41:10,1,NO-Hardhat
2025-11-03 15:41:10,2,
2025-11-03 15:41:10,1,NO-Hardhat
2025-11-03 15:41:10,2,"NO-Mask, NO-Safety Vest, NO-Mask"
2025-11-03 15:41:10,1,NO-Hardhat
2025-11-03 15:41:10,2,"NO-Mask, NO-Safety Vest, NO-Mask"
2025-11-03 15:41:10,3,
2025-11-03 15:41:10,1,NO-Hardhat
2025-11-03 15:41:10,2,NO-Safety Vest
2025-11-03 15:41:10,1,"NO-Hardhat, NO-Safety Vest"
2025-11-03 15:41:10,1,"NO-Hardhat, NO-Safety Vest"
2025-11-03 15:41:10,1,
2025-11-03 15:41:10,2,"NO-Mask, NO-Safety Vest, NO-Mask"
2025-11-03 15:41:10,3,NO-Mask
2025-11-03 15:41:10,1,"NO-Hardhat, NO-Safety Vest"
2025-11-03 15:41:10,2,NO-Mask
2025-11-03 15:41:10,1,"NO-Hardhat, NO-Safety Vest"
2025-11-03 15:41:10,1,"NO-Hardhat, NO-Safety Vest"
2025-11-03 15:41:10,1,"NO-Hardhat, NO-Hardhat"
2025-11-03 15:41:10,2,"NO-Mask, NO-Safety Vest"
2025-11-03 15:41:10,1,
2025-11-03 15:41:10,2,"NO-Safety Vest, NO-Mask, NO-Mask"
2025-11-03 15:41:10,3,NO-Mask
2025-11-03 15:41:10,1,"NO-Hardhat, NO-Safety Vest"
2025-11-03 15:41:10,1,
2025-11-03 15:41:10,2,"NO-Hardhat, NO-Mask, NO-Safety Vest"
2025-11-03 15:41:10,1,"NO-Hardhat, NO-Safety Vest"
2025-11-03 15:41:11,1,NO-Hardhat
2025-11-03 15:41:11,2,"NO-Safety Vest, NO-Mask, NO-Mask"
2025-11-03 15:41:11,3,
2025-11-03 15:41:11,1,"NO-Hardhat, NO-Safety Vest"
2025-11-03 15:41:11,1,"NO-Hardhat, NO-Safety Vest"
2025-11-03 15:41:11,1,NO-Hardhat
2025-11-03 15:41:11,2,"NO-Safety Vest, NO-Mask"
2025-11-03 15:41:11,3,"NO-Mask, NO-Mask"
2025-11-03 15:41:11,1,
2025-11-03 15:41:11,2,"NO-Hardhat, NO-Safety Vest, NO-Hardhat, NO-Mask, NO-Mask"
2025-11-03 15:41:11,1,"NO-Hardhat, NO-Safety Vest"
2025-11-03 15:41:11,1,"NO-Hardhat, NO-Safety Vest"
2025-11-03 15:41:11,1,"NO-Hardhat, NO-Hardhat"
2025-11-03 15:41:11,2,"NO-Safety Vest, NO-Mask"
2025-11-03 15:41:11,3,"NO-Mask, NO-Mask"
2025-11-03 15:41:11,1,NO-Hardhat
2025-11-03 15:41:11,2,"NO-Hardhat, NO-Mask, NO-Safety Vest, NO-Mask"
2025-11-03 15:41:11,1,"NO-Hardhat, NO-Safety Vest"
2025-11-03 15:41:11,1,"NO-Hardhat, NO-Safety Vest"
2025-11-03 15:41:11,1,"NO-Hardhat, NO-Hardhat"
2025-11-03 15:41:11,2,"NO-Safety Vest, NO-Mask, NO-Mask"
2025-11-03 15:41:11,3,
2025-11-03 15:41:11,1,NO-Safety Vest
2025-11-03 15:41:11,2,"NO-Hardhat, NO-Safety Vest, NO-Hardhat, NO-Mask, NO-Mask"
2025-11-03 15:41:11,1,"NO-Hardhat, NO-Safety Vest"
2025-11-03 15:41:11,1,"NO-Hardhat, NO-Safety Vest"
2025-11-03 15:41:11,1,
2025-11-03 15:41:11,2,"NO-Safety Vest, NO-Safety Vest, NO-Hardhat, NO-Hardhat, NO-Mask, NO-Mask"
2025-11-03 15:41:11,1,"NO-Hardhat, NO-Hardhat"
2025-11-03 15:41:11,2,"NO-Safety Vest, NO-Mask, NO-Mask"
2025-11-03 15:41:11,3,
2025-11-03 15:41:11,1,"NO-Hardhat, NO-Safety Vest"
2025-11-03 15:41:11,1,"NO-Hardhat, NO-Safety Vest"
2025-11-03 15:41:11,1,
2025-11-03 15:41:11,2,"NO-Safety Vest, NO-Safety Vest, NO-Hardhat, NO-Hardhat, NO-Mask, NO-Mask"
2025-11-03 15:41:11,1,"NO-Hardhat, NO-Hardhat"
2025-11-03 15:41:11,2,"NO-Safety Vest, NO-Mask"
2025-11-03 15:41:11,3,"NO-Mask, NO-Mask"
2025-11-03 15:41:11,1,"NO-Hardhat, NO-Safety Vest"
2025-11-03 15:41:11,1,
2025-11-03 15:41:11,2,"NO-Hardhat, NO-Safety Vest, NO-Hardhat, NO-Safety Vest, NO-Mask"
2025-11-03 15:41:11,1,"NO-Hardhat, NO-Safety Vest"
2025-11-03 15:41:11,1,"NO-Hardhat, NO-Hardhat, NO-Safety Vest"
2025-11-03 15:41:11,2,NO-Mask
2025-11-03 15:41:11,3,"NO-Mask, NO-Mask"
2025-11-03 15:41:11,1,"NO-Hardhat, NO-Safety Vest"
2025-11-03 15:41:11,1,
2025-11-03 15:41:11,2,"NO-Hardhat, NO-Safety Vest, NO-Hardhat, NO-Safety Vest"
2025-11-03 15:41:11,1,
2025-11-03 15:41:11,2,"NO-Hardhat, NO-Safety Vest, NO-Mask, NO-Mask"
2025-11-03 15:41:11,3,NO-Mask
2025-11-03 15:41:11,1,"NO-Hardhat, NO-Safety Vest"
2025-11-03 15:41:11,1,
2025-11-03 15:41:11,2,"NO-Safety Vest, NO-Hardhat, NO-Hardhat, NO-Safety Vest"
2025-11-03 15:41:11,1,"NO-Hardhat, NO-Safety Vest"
2025-11-03 15:41:11,1,"NO-Hardhat, NO-Safety Vest"
2025-11-03 15:41:11,2,NO-Mask
2025-11-03 15:41:11,3,"NO-Mask, NO-Mask"
2025-11-03 15:41:11,1,"NO-Hardhat, NO-Safety Vest"
2025-11-03 15:41:11,1,
2025-11-03 15:41:11,2,"NO-Hardhat, NO-Safety Vest, NO-Hardhat, NO-Safety Vest"
2025-11-03 15:41:12,1,"NO-Hardhat, NO-Safety Vest"
2025-11-03 15:41:12,1,
2025-11-03 15:41:12,2,"NO-Hardhat, NO-Safety Vest, NO-Hardhat, NO-Safety Vest"
2025-11-03 15:41:12,1,"NO-Hardhat, NO-Safety Vest"
2025-11-03 15:41:12,1,"NO-Hardhat, NO-Safety Vest"
2025-11-03 15:41:12,2,"NO-Mask, NO-Mask"
2025-11-03 15:41:12,3,NO-Mask
2025-11-03 15:41:12,1,
2025-11-03 15:41:12,2,"NO-Safety Vest, NO-Hardhat, NO-Hardhat"
2025-11-03 15:41:12,1,"NO-Hardhat, NO-Safety Vest, NO-Mask"
2025-11-03 15:41:12,1,
2025-11-03 15:41:12,2,"NO-Hardhat, NO-Safety Vest, NO-Hardhat"
2025-11-03 15:41:12,1,"NO-Hardhat, NO-Safety Vest, NO-Mask"
2025-11-03 15:41:12,1,"NO-Safety Vest, NO-Hardhat"
2025-11-03 15:41:12,2,"NO-Mask, NO-Mask, NO-Mask"
2025-11-03 15:41:12,3,
2025-11-03 15:41:12,1,NO-Safety Vest
2025-11-03 15:41:12,2,"NO-Hardhat, NO-Mask"
2025-11-03 15:41:12,1,"NO-Hardhat, NO-Safety Vest, NO-Mask"
2025-11-03 15:41:12,1,"NO-Hardhat, NO-Hardhat, NO-Safety Vest"
2025-11-03 15:41:12,2,"NO-Mask, NO-Mask"
2025-11-03 15:41:12,3,NO-Mask
2025-11-03 15:41:12,1,"NO-Hardhat, NO-Safety Vest, NO-Mask"
2025-11-03 15:41:12,1,NO-Hardhat
2025-11-03 15:41:12,2,"NO-Safety Vest, NO-Safety Vest, NO-Mask"
2025-11-03 15:41:12,1,"NO-Hardhat, NO-Safety Vest, NO-Mask"
2025-11-03 15:41:12,1,"NO-Hardhat, NO-Safety Vest, NO-Hardhat"
2025-11-03 15:41:12,2,"NO-Mask, NO-Mask"
2025-11-03 15:41:12,3,
2025-11-03 15:41:12,1,"NO-Hardhat, NO-Hardhat"
2025-11-03 15:41:12,2,"NO-Safety Vest, NO-Safety Vest, NO-Mask"
2025-11-03 15:41:12,1,"NO-Hardhat, NO-Safety Vest, NO-Mask"
2025-11-03 15:41:12,1,"NO-Hardhat, NO-Safety Vest, NO-Mask"
2025-11-03 15:41:12,1,"NO-Hardhat, NO-Hardhat"
2025-11-03 15:41:12,2,"NO-Safety Vest, NO-Safety Vest, NO-Mask"
2025-11-03 15:41:12,1,
2025-11-03 15:41:12,2,"NO-Hardhat, NO-Hardhat, NO-Safety Vest, NO-Mask, NO-Mask"
2025-11-03 15:41:12,3,
2025-11-03 15:41:12,1,"NO-Hardhat, NO-Safety Vest, NO-Mask"
2025-11-03 15:41:12,1,"NO-Hardhat, NO-Safety Vest, NO-Mask"
2025-11-03 15:41:12,1,
2025-11-03 15:41:12,2,"NO-Hardhat, NO-Hardhat, NO-Safety Vest, NO-Mask, NO-Mask"
2025-11-03 15:41:12,3,
2025-11-03 15:41:12,1,"NO-Hardhat, NO-Hardhat"
2025-11-03 15:41:12,2,"NO-Safety Vest, NO-Safety Vest, NO-Mask, NO-Hardhat"
2025-11-03 15:41:12,1,"NO-Hardhat, NO-Safety Vest, NO-Mask"
2025-11-03 15:41:12,1,
2025-11-03 15:41:12,2,"NO-Hardhat, NO-Hardhat, NO-Safety Vest, NO-Mask, NO-Mask"
2025-11-03 15:41:12,3,
2025-11-03 15:41:12,1,"NO-Hardhat, NO-Safety Vest, NO-Mask"
2025-11-03 15:41:12,1,"NO-Hardhat, NO-Hardhat"
2025-11-03 15:41:12,2,"NO-Safety Vest, NO-Safety Vest, NO-Mask, NO-Hardhat"
2025-11-03 15:41:12,1,"NO-Hardhat, NO-Safety Vest, NO-Mask"
2025-11-03 15:41:12,1,
2025-11-03 15:41:12,2,"NO-Hardhat, NO-Safety Vest, NO-Hardhat, NO-Safety Vest, NO-Mask"
2025-11-03 15:41:12,1,"NO-Hardhat, NO-Safety Vest, NO-Mask"
2025-11-03 15:41:13,1,NO-Hardhat
2025-11-03 15:41:13,2,"NO-Hardhat, NO-Safety Vest, NO-Mask"
2025-11-03 15:41:13,3,"NO-Mask, NO-Mask"
2025-11-03 15:41:13,1,"NO-Hardhat, NO-Safety Vest, NO-Mask"
2025-11-03 15:41:13,1,
2025-11-03 15:41:13,2,"NO-Hardhat, NO-Safety Vest, NO-Hardhat, NO-Safety Vest, NO-Mask"
2025-11-03 15:41:13,1,"NO-Hardhat, NO-Safety Vest, NO-Mask"
2025-11-03 15:41:13,1,NO-Hardhat
2025-11-03 15:41:13,2,NO-Safety Vest
2025-11-03 15:41:13,3,"NO-Mask, NO-Mask, NO-Mask, NO-Mask"
2025-11-03 15:41:13,1,"NO-Hardhat, NO-Safety Vest, NO-Mask"
2025-11-03 15:41:13,1,
2025-11-03 15:41:13,2,"NO-Hardhat, NO-Hardhat, NO-Safety Vest, NO-Safety Vest, NO-Mask, NO-Mask"
2025-11-03 15:41:13,1,
2025-11-03 15:41:13,2,
2025-11-03 15:41:13,3,"NO-Safety Vest, NO-Mask, NO-Mask, NO-Mask"
2025-11-03 15:41:13,1,"NO-Hardhat, NO-Safety Vest, NO-Mask"
2025-11-03 15:41:13,1,"NO-Hardhat, NO-Safety Vest, NO-Mask"
2025-11-03 15:41:13,1,
2025-11-03 15:41:13,2,"NO-Hardhat, NO-Safety Vest, NO-Hardhat, NO-Safety Vest, NO-Mask"
2025-11-03 15:41:13,1,NO-Hardhat
2025-11-03 15:41:13,2,
2025-11-03 15:41:13,3,"NO-Mask, NO-Mask, NO-Safety Vest, NO-Mask"
2025-11-03 15:41:13,1,"NO-Hardhat, NO-Safety Vest, NO-Mask"
2025-11-03 15:41:13,1,
2025-11-03 15:41:13,2,"NO-Hardhat, NO-Safety Vest, NO-Hardhat, NO-Safety Vest"
2025-11-03 15:41:13,1,"NO-Hardhat, NO-Safety Vest, NO-Mask"
2025-11-03 15:41:13,1,NO-Hardhat
2025-11-03 15:41:13,2,
2025-11-03 15:41:13,3,"NO-Mask, NO-Mask, NO-Safety Vest"
2025-11-03 15:41:13,1,
2025-11-03 15:41:13,2,"NO-Hardhat, NO-Safety Vest, NO-Hardhat"
2025-11-03 15:41:13,1,"NO-Hardhat, NO-Safety Vest, NO-Mask"
2025-11-03 15:41:13,1,
2025-11-03 15:41:13,2,"NO-Safety Vest, NO-Hardhat, NO-Hardhat"
2025-11-03 15:41:13,1,NO-Hardhat
2025-11-03 15:41:13,2,
2025-11-03 15:41:13,3,"NO-Mask, NO-Mask, NO-Safety Vest"
2025-11-03 15:41:13,1,"NO-Hardhat, NO-Safety Vest, NO-Mask"
2025-11-03 15:41:13,1,"NO-Hardhat, NO-Safety Vest, NO-Mask"
2025-11-03 15:41:13,1,
2025-11-03 15:41:13,2,"NO-Safety Vest, NO-Hardhat, NO-Hardhat"
2025-11-03 15:41:13,1,NO-Hardhat
2025-11-03 15:41:13,2,
2025-11-03 15:41:13,3,"NO-Mask, NO-Mask"
2025-11-03 15:41:13,1,"NO-Hardhat, NO-Safety Vest, NO-Mask"
2025-11-03 15:41:13,1,
2025-11-03 15:41:13,2,"NO-Hardhat, NO-Safety Vest, NO-Hardhat"
2025-11-03 15:41:13,1,"NO-Hardhat, NO-Safety Vest, NO-Mask"
2025-11-03 15:41:13,1,
2025-11-03 15:41:13,2,"NO-Safety Vest, NO-Hardhat, NO-Hardhat"
2025-11-03 15:41:13,1,NO-Hardhat
2025-11-03 15:41:13,2,
2025-11-03 15:41:13,3,"NO-Mask, NO-Mask"
2025-11-03 15:41:13,1,"NO-Hardhat, NO-Safety Vest, NO-Mask"
2025-11-03 15:41:13,1,"NO-Hardhat, NO-Safety Vest, NO-Mask"
2025-11-03 15:41:13,1,
2025-11-03 15:41:13,2,"NO-Safety Vest, NO-Hardhat, NO-Hardhat, NO-Mask"
2025-11-03 15:41:14,1,NO-Hardhat
2025-11-03 15:41:14,2,
2025-11-03 15:41:14,3,"NO-Mask, NO-Mask"
2025-11-03 15:41:14,1,"NO-Hardhat, NO-Safety Vest, NO-Mask"
2025-11-03 15:41:14,1,"NO-Hardhat, NO-Mask"
2025-11-03 15:41:14,2,
2025-11-03 15:41:14,3,NO-Mask
2025-11-03 15:41:14,1,
2025-11-03 15:41:14,2,"NO-Safety Vest, NO-Hardhat, NO-Hardhat, NO-Safety Vest, NO-Mask"
2025-11-03 15:41:14,1,"NO-Hardhat, NO-Safety Vest, NO-Mask"
2025-11-03 15:41:14,1,"NO-Hardhat, NO-Safety Vest, NO-Mask"
2025-11-03 15:41:14,1,
2025-11-03 15:41:14,2,"NO-Safety Vest, NO-Hardhat, NO-Hardhat, NO-Mask, NO-Safety Vest"
2025-11-03 15:41:14,1,NO-Hardhat
2025-11-03 15:41:14,2,NO-Mask
2025-11-03 15:41:14,3,"NO-Mask, NO-Safety Vest"
2025-11-03 15:41:14,1,"NO-Hardhat, NO-Safety Vest, NO-Mask"
2025-11-03 15:41:14,1,
2025-11-03 15:41:14,2,"NO-Safety Vest, NO-Hardhat, NO-Safety Vest, NO-Hardhat, NO-Mask"
2025-11-03 15:41:14,1,NO-Hardhat
2025-11-03 15:41:14,2,NO-Mask
2025-11-03 15:41:14,3,NO-Mask
2025-11-03 15:41:14,1,"NO-Hardhat, NO-Safety Vest, NO-Mask"
2025-11-03 15:41:14,1,"NO-Hardhat, NO-Safety Vest, NO-Mask"
2025-11-03 15:41:14,1,NO-Hardhat
2025-11-03 15:41:14,2,NO-Mask
2025-11-03 15:41:14,3,"NO-Mask, NO-Safety Vest"
2025-11-03 15:41:14,1,
2025-11-03 15:41:14,2,"NO-Hardhat, NO-Safety Vest, NO-Safety Vest, NO-Hardhat, NO-Mask, NO-Mask"
2025-11-03 15:41:14,1,"NO-Hardhat, NO-Safety Vest, NO-Mask"
2025-11-03 15:41:14,1,NO-Hardhat
2025-11-03 15:41:14,2,"NO-Mask, NO-Mask"
2025-11-03 15:41:14,3,NO-Safety Vest
2025-11-03 15:41:14,1,"NO-Hardhat, NO-Safety Vest, NO-Mask"
2025-11-03 15:41:14,1,
2025-11-03 15:41:14,2,"NO-Hardhat, NO-Safety Vest, NO-Hardhat, NO-Safety Vest, NO-Mask, NO-Mask"
2025-11-03 15:41:14,1,"NO-Hardhat, NO-Safety Vest, NO-Mask"
2025-11-03 15:41:14,1,NO-Hardhat
2025-11-03 15:41:14,2,NO-Mask
2025-11-03 15:41:14,3,"NO-Mask, NO-Safety Vest"
2025-11-03 15:41:14,1,
2025-11-03 15:41:14,2,"NO-Safety Vest, NO-Hardhat, NO-Hardhat, NO-Mask, NO-Safety Vest, NO-Mask"
2025-11-03 15:41:14,1,"NO-Hardhat, NO-Safety Vest, NO-Mask"
2025-11-03 15:41:14,1,"NO-Hardhat, NO-Safety Vest, NO-Mask"
2025-11-03 15:41:14,1,"NO-Mask, NO-Hardhat"
2025-11-03 15:41:14,2,
2025-11-03 15:41:14,3,"NO-Safety Vest, NO-Mask"
2025-11-03 15:41:14,1,
2025-11-03 15:41:14,2,"NO-Hardhat, NO-Hardhat, NO-Safety Vest, NO-Safety Vest, NO-Mask, NO-Mask"
2025-11-03 15:41:14,1,"NO-Hardhat, NO-Safety Vest, NO-Mask"
2025-11-03 15:41:14,2,
2025-11-03 15:41:14,1,
2025-11-03 15:41:14,2,"NO-Hardhat, NO-Mask, NO-Safety Vest"
2025-11-03 15:41:14,3,NO-Mask
2025-11-03 15:41:14,1,"NO-Hardhat, NO-Safety Vest"
2025-11-03 15:41:14,2,NO-Mask
2025-11-03 15:41:14,1,
2025-11-03 15:41:14,2,"NO-Hardhat, NO-Safety Vest, NO-Hardhat, NO-Mask, NO-Mask, NO-Safety Vest"
2025-11-03 15:41:14,1,"NO-Hardhat, NO-Safety Vest"
2025-11-03 15:41:14,2,NO-Mask
2025-11-03 15:41:15,1,"NO-Mask, NO-Hardhat"
2025-11-03 15:41:15,2,NO-Safety Vest
2025-11-03 15:41:15,3,NO-Mask
2025-11-03 15:41:15,1,"NO-Hardhat, NO-Safety Vest"
2025-11-03 15:41:15,2,NO-Mask
2025-11-03 15:41:15,1,
2025-11-03 15:41:15,2,"NO-Hardhat, NO-Safety Vest, NO-Hardhat, NO-Safety Vest, NO-Mask, NO-Mask"
2025-11-03 15:41:15,1,"NO-Mask, NO-Hardhat"
2025-11-03 15:41:15,2,NO-Safety Vest
2025-11-03 15:41:15,3,NO-Mask
2025-11-03 15:41:15,1,"NO-Hardhat, NO-Safety Vest"
2025-11-03 15:41:15,2,NO-Mask
2025-11-03 15:41:15,1,"NO-Hardhat, NO-Safety Vest"
2025-11-03 15:41:15,2,
2025-11-03 15:41:15,1,
2025-11-03 15:41:15,2,"NO-Safety Vest, NO-Hardhat, NO-Safety Vest, NO-Mask, NO-Mask, NO-Hardhat"
2025-11-03 15:41:15,1,
2025-11-03 15:41:15,2,"NO-Mask, NO-Hardhat, NO-Safety Vest"
2025-11-03 15:41:15,3,NO-Mask
2025-11-03 15:41:15,1,"NO-Hardhat, NO-Safety Vest"
2025-11-03 15:41:15,2,NO-Mask
2025-11-03 15:41:15,1,NO-Safety Vest
2025-11-03 15:41:15,2,"NO-Hardhat, NO-Safety Vest, NO-Hardhat, NO-Mask, NO-Mask"
2025-11-03 15:41:15,1,"NO-Hardhat, NO-Safety Vest"
2025-11-03 15:41:15,2,NO-Mask
2025-11-03 15:41:15,1,
2025-11-03 15:41:15,2,"NO-Hardhat, NO-Safety Vest, NO-Mask"
2025-11-03 15:41:15,3,NO-Mask
2025-11-03 15:41:15,1,"NO-Hardhat, NO-Safety Vest"
2025-11-03 15:41:15,2,NO-Mask
2025-11-03 15:41:15,1,
2025-11-03 15:41:15,2,"NO-Hardhat, NO-Safety Vest, NO-Mask"
2025-11-03 15:41:15,3,
2025-11-03 15:41:15,1,NO-Safety Vest
2025-11-03 15:41:15,2,"NO-Hardhat, NO-Safety Vest, NO-Hardhat, NO-Mask, NO-Mask"
2025-11-03 15:41:15,1,"NO-Hardhat, NO-Safety Vest"
2025-11-03 15:41:15,2,NO-Mask
2025-11-03 15:41:15,1,"NO-Hardhat, NO-Safety Vest, NO-Mask"
2025-11-03 15:41:15,2,
2025-11-03 15:41:15,1,
2025-11-03 15:41:15,2,"NO-Hardhat, NO-Safety Vest, NO-Mask"
2025-11-03 15:41:15,3,
2025-11-03 15:41:15,1,NO-Safety Vest
2025-11-03 15:41:15,2,"NO-Hardhat, NO-Safety Vest, NO-Hardhat, NO-Mask, NO-Mask"
2025-11-03 15:41:15,1,"NO-Hardhat, NO-Safety Vest, NO-Mask"
2025-11-03 15:41:15,2,
2025-11-03 15:41:15,1,
2025-11-03 15:41:15,2,"NO-Safety Vest, NO-Hardhat, NO-Mask"
2025-11-03 15:41:15,3,
2025-11-03 15:41:15,1,"NO-Hardhat, NO-Safety Vest, NO-Mask"
2025-11-03 15:41:15,2,
2025-11-03 15:41:15,1,
2025-11-03 15:41:15,2,"NO-Safety Vest, NO-Hardhat, NO-Hardhat, NO-Safety Vest, NO-Mask, NO-Mask"
2025-11-03 15:41:15,1,
2025-11-03 15:41:15,2,"NO-Safety Vest, NO-Hardhat, NO-Mask"
2025-11-03 15:41:15,3,
2025-11-03 15:41:15,1,"NO-Hardhat, NO-Safety Vest, NO-Mask"
2025-11-03 15:41:15,2,
2025-11-03 15:41:15,1,
2025-11-03 15:41:15,2,"NO-Safety Vest, NO-Hardhat, NO-Hardhat, NO-Safety Vest, NO-Mask"
2025-11-03 15:41:15,1,NO-Safety Vest
2025-11-03 15:41:15,2,"NO-Mask, NO-Hardhat"
2025-11-03 15:41:15,3,
2025-11-03 15:41:15,1,"NO-Hardhat, NO-Safety Vest, NO-Mask"
2025-11-03 15:41:15,2,
2025-11-03 15:41:15,1,"NO-Hardhat, NO-Safety Vest, NO-Mask"
2025-11-03 15:41:15,2,
2025-11-03 15:41:15,1,
2025-11-03 15:41:15,2,"NO-Safety Vest, NO-Mask"
2025-11-03 15:41:15,3,
2025-11-03 15:41:15,1,
2025-11-03 15:41:15,2,"NO-Hardhat, NO-Safety Vest, NO-Safety Vest, NO-Hardhat, NO-Mask"
2025-11-03 15:41:15,1,"NO-Hardhat, NO-Safety Vest, NO-Mask"
2025-11-03 15:41:15,2,
2025-11-03 15:41:15,1,
2025-11-03 15:41:15,2,"NO-Safety Vest, NO-Mask"
2025-11-03 15:41:15,3,
2025-11-03 15:41:16,1,"NO-Hardhat, NO-Safety Vest, NO-Mask"
2025-11-03 15:41:16,2,
2025-11-03 15:41:16,1,
2025-11-03 15:41:16,2,"NO-Hardhat, NO-Safety Vest, NO-Safety Vest, NO-Hardhat, NO-Mask"
2025-11-03 15:41:16,1,
2025-11-03 15:41:16,2,"NO-Safety Vest, NO-Mask"
2025-11-03 15:41:16,3,
2025-11-03 15:41:16,1,"NO-Hardhat, NO-Safety Vest, NO-Mask"
2025-11-03 15:41:16,2,
2025-11-03 15:41:16,1,"NO-Hardhat, NO-Safety Vest, NO-Mask"
2025-11-03 15:41:16,2,
2025-11-03 15:41:16,1,
2025-11-03 15:41:16,2,NO-Safety Vest
2025-11-03 15:41:16,3,NO-Mask
2025-11-03 15:41:16,1,
2025-11-03 15:41:16,2,"NO-Hardhat, NO-Safety Vest, NO-Safety Vest, NO-Hardhat, NO-Mask, NO-Mask"
2025-11-03 15:41:16,1,"NO-Hardhat, NO-Safety Vest, NO-Mask"
2025-11-03 15:41:16,1,NO-Safety Vest
2025-11-03 15:41:16,2,
2025-11-03 15:41:16,3,
2025-11-03 15:41:16,1,
2025-11-03 15:41:16,2,"NO-Safety Vest, NO-Hardhat, NO-Safety Vest, NO-Hardhat, NO-Mask, NO-Mask"
2025-11-03 15:41:16,1,"NO-Hardhat, NO-Safety Vest, NO-Mask"
2025-11-03 15:41:16,1,NO-Safety Vest
2025-11-03 15:41:16,2,NO-Mask
2025-11-03 15:41:16,1,"NO-Hardhat, NO-Safety Vest, NO-Mask"
2025-11-03 15:41:16,1,
2025-11-03 15:41:16,2,"NO-Hardhat, NO-Safety Vest, NO-Safety Vest, NO-Hardhat, NO-Mask"
2025-11-03 15:41:16,1,
2025-11-03 15:41:16,2,"NO-Safety Vest, NO-Mask"
2025-11-03 15:41:16,1,"NO-Hardhat, NO-Safety Vest, NO-Mask"
2025-11-03 15:41:16,1,
2025-11-03 15:41:16,2,"NO-Hardhat, NO-Safety Vest, NO-Safety Vest, NO-Hardhat, NO-Mask"
2025-11-03 15:41:16,1,"NO-Hardhat, NO-Safety Vest, NO-Mask"
2025-11-03 15:41:16,2,
2025-11-03 15:41:16,1,
2025-11-03 15:41:16,2,"NO-Safety Vest, NO-Mask"
2025-11-03 15:41:16,1,"NO-Hardhat, NO-Safety Vest, NO-Mask"
2025-11-03 15:41:16,2,
2025-11-03 15:41:16,1,
2025-11-03 15:41:16,2,"NO-Mask, NO-Safety Vest"
2025-11-03 15:41:16,1,
2025-11-03 15:41:16,2,"NO-Hardhat, NO-Safety Vest, NO-Hardhat, NO-Safety Vest, NO-Mask"
2025-11-03 15:41:16,1,"NO-Hardhat, NO-Safety Vest, NO-Mask"
2025-11-03 15:41:16,1,
2025-11-03 15:41:16,2,"NO-Mask, NO-Safety Vest"
2025-11-03 15:41:16,1,
2025-11-03 15:41:16,2,"NO-Hardhat, NO-Safety Vest, NO-Hardhat, NO-Safety Vest"
2025-11-03 15:41:16,1,"NO-Hardhat, NO-Safety Vest, NO-Mask"
2025-11-03 15:41:16,2,
2025-11-03 15:41:16,1,
2025-11-03 15:41:16,2,"NO-Mask, NO-Safety Vest"
2025-11-03 15:41:16,1,
2025-11-03 15:41:16,2,"NO-Hardhat, NO-Safety Vest, NO-Hardhat, NO-Safety Vest"
2025-11-03 15:41:16,1,"NO-Hardhat, NO-Safety Vest, NO-Mask"
2025-11-03 15:41:16,2,
2025-11-03 15:41:16,1,
2025-11-03 15:41:16,2,"NO-Mask, NO-Mask, NO-Safety Vest"
2025-11-03 15:41:16,1,"NO-Hardhat, NO-Safety Vest, NO-Mask"
2025-11-03 15:41:16,1,
2025-11-03 15:41:16,2,"NO-Hardhat, NO-Safety Vest, NO-Safety Vest, NO-Hardhat"
2025-11-03 15:41:17,1,"NO-Hardhat, NO-Safety Vest, NO-Mask"
2025-11-03 15:41:17,2,
2025-11-03 15:41:17,1,
2025-11-03 15:41:17,1,
2025-11-03 15:41:17,2,"NO-Mask, NO-Mask, NO-Safety Vest"
2025-11-03 15:41:17,2,"NO-Hardhat, NO-Hardhat, NO-Safety Vest, NO-Safety Vest"
2025-11-03 15:41:17,1,"NO-Hardhat, NO-Safety Vest, NO-Mask"
2025-11-03 15:41:17,2,
2025-11-03 15:41:17,1,
2025-11-03 15:41:17,2,"NO-Hardhat, NO-Safety Vest, NO-Hardhat, NO-Safety Vest"
2025-11-03 15:41:17,1,"NO-Hardhat, NO-Safety Vest, NO-Mask"
2025-11-03 15:41:17,2,
2025-11-03 15:41:17,1,
2025-11-03 15:41:17,2,"NO-Mask, NO-Mask, NO-Safety Vest"
2025-11-03 15:41:17,1,"NO-Hardhat, NO-Safety Vest, NO-Mask"
2025-11-03 15:41:17,1,
2025-11-03 15:41:17,2,"NO-Hardhat, NO-Hardhat, NO-Safety Vest, NO-Safety Vest"
2025-11-03 15:41:17,1,
2025-11-03 15:41:17,2,"NO-Mask, NO-Safety Vest, NO-Mask"
2025-11-03 15:41:17,1,"NO-Hardhat, NO-Safety Vest, NO-Mask"
2025-11-03 15:41:17,2,
2025-11-03 15:41:17,1,
2025-11-03 15:41:17,2,"NO-Hardhat, NO-Hardhat, NO-Safety Vest, NO-Safety Vest, NO-Mask"
2025-11-03 15:41:17,1,
2025-11-03 15:41:17,2,"NO-Mask, NO-Safety Vest, NO-Mask"
2025-11-03 15:41:17,1,"NO-Hardhat, NO-Safety Vest, NO-Mask"
2025-11-03 15:41:17,2,
2025-11-03 15:41:17,1,"NO-Hardhat, NO-Safety Vest, NO-Mask"
2025-11-03 15:41:17,2,
2025-11-03 15:41:17,1,
2025-11-03 15:41:17,2,"NO-Mask, NO-Safety Vest, NO-Mask"
2025-11-03 15:41:17,3,
2025-11-03 15:41:17,1,
2025-11-03 15:41:17,2,"NO-Hardhat, NO-Safety Vest, NO-Safety Vest, NO-Hardhat, NO-Mask"
2025-11-03 15:41:17,1,"NO-Hardhat, NO-Safety Vest, NO-Mask"
2025-11-03 15:41:17,2,
2025-11-03 15:41:17,1,"NO-Hardhat, NO-Safety Vest, NO-Mask"
2025-11-03 15:41:17,1,
2025-11-03 15:41:17,2,"NO-Mask, NO-Safety Vest, NO-Hardhat, NO-Mask"
2025-11-03 15:41:17,1,
2025-11-03 15:41:17,2,"NO-Hardhat, NO-Safety Vest, NO-Hardhat, NO-Safety Vest, NO-Mask, NO-Mask"
2025-11-03 15:41:17,1,"NO-Hardhat, NO-Safety Vest, NO-Mask"
2025-11-03 15:41:17,1,
2025-11-03 15:41:17,2,"NO-Mask, NO-Safety Vest"
2025-11-03 15:41:17,3,
2025-11-03 15:41:17,1,"NO-Hardhat, NO-Safety Vest, NO-Mask"
2025-11-03 15:41:17,1,
2025-11-03 15:41:17,2,"NO-Mask, NO-Safety Vest, NO-Hardhat"
2025-11-03 15:41:17,3,
2025-11-03 15:41:17,1,
2025-11-03 15:41:17,2,"NO-Hardhat, NO-Safety Vest, NO-Hardhat, NO-Safety Vest, NO-Mask, NO-Mask"
2025-11-03 15:41:17,1,"NO-Hardhat, NO-Safety Vest, NO-Mask"
2025-11-03 15:41:17,1,"NO-Hardhat, NO-Safety Vest"
2025-11-03 15:41:17,1,
2025-11-03 15:41:17,2,"NO-Safety Vest, NO-Hardhat, NO-Mask"
2025-11-03 15:41:17,3,
2025-11-03 15:41:17,1,"NO-Hardhat, NO-Safety Vest"
2025-11-03 15:41:17,1,
2025-11-03 15:41:17,2,"NO-Hardhat, NO-Safety Vest, NO-Hardhat, NO-Safety Vest, NO-Mask"
2025-11-03 15:41:17,1,"NO-Hardhat, NO-Safety Vest"
2025-11-03 15:41:17,1,
2025-11-03 15:41:17,2,"NO-Hardhat, NO-Safety Vest"
2025-11-03 15:41:17,3,"NO-Mask, NO-Mask"
2025-11-03 15:41:18,1,
2025-11-03 15:41:18,2,"NO-Hardhat, NO-Safety Vest, NO-Hardhat, NO-Safety Vest, NO-Mask, NO-Mask"
2025-11-03 15:41:18,1,"NO-Hardhat, NO-Safety Vest, NO-Mask"
2025-11-03 15:41:18,1,
2025-11-03 15:41:18,2,"NO-Hardhat, NO-Safety Vest"
2025-11-03 15:41:18,3,"NO-Mask, NO-Mask, NO-Mask"
2025-11-03 15:41:18,1,"NO-Hardhat, NO-Safety Vest, NO-Mask"
2025-11-03 15:41:18,1,
2025-11-03 15:41:18,2,"NO-Hardhat, NO-Safety Vest, NO-Safety Vest, NO-Hardhat, NO-Mask, NO-Mask"
2025-11-03 15:41:18,1,"NO-Hardhat, NO-Safety Vest"
2025-11-03 15:41:18,1,NO-Mask
2025-11-03 15:41:18,2,NO-Safety Vest
2025-11-03 15:41:18,3,"NO-Mask, NO-Mask"
2025-11-03 15:41:18,1,"NO-Hardhat, NO-Safety Vest"
2025-11-03 15:41:18,1,
2025-11-03 15:41:18,2,"NO-Hardhat, NO-Safety Vest, NO-Hardhat, NO-Safety Vest, NO-Mask"
2025-11-03 15:41:18,1,"NO-Hardhat, NO-Safety Vest"
2025-11-03 15:41:18,1,
2025-11-03 15:41:18,2,
2025-11-03 15:41:18,3,"NO-Mask, NO-Safety Vest, NO-Mask"
2025-11-03 15:41:18,1,"NO-Hardhat, NO-Safety Vest"
2025-11-03 15:41:18,1,
2025-11-03 15:41:18,2,"NO-Safety Vest, NO-Hardhat, NO-Hardhat, NO-Safety Vest"
2025-11-03 15:41:18,1,"NO-Hardhat, NO-Safety Vest"
2025-11-03 15:41:18,1,"NO-Hardhat, NO-Safety Vest"
2025-11-03 15:41:18,1,
2025-11-03 15:41:18,2,"NO-Hardhat, NO-Safety Vest, NO-Hardhat, NO-Safety Vest"
2025-11-03 15:41:18,1,"NO-Mask, NO-Safety Vest"
2025-11-03 15:41:18,2,
2025-11-03 15:41:18,3,"NO-Mask, NO-Mask"
2025-11-03 15:41:18,1,"NO-Hardhat, NO-Safety Vest"
2025-11-03 15:41:18,1,
2025-11-03 15:41:18,2,"NO-Hardhat, NO-Safety Vest, NO-Hardhat, NO-Safety Vest"
2025-11-03 15:41:18,1,NO-Mask
2025-11-03 15:41:18,2,
2025-11-03 15:41:18,3,"NO-Safety Vest, NO-Mask"
2025-11-03 15:41:18,1,"NO-Hardhat, NO-Safety Vest"
2025-11-03 15:41:18,1,
2025-11-03 15:41:18,2,"NO-Hardhat, NO-Hardhat, NO-Safety Vest, NO-Safety Vest"
2025-11-03 15:41:18,1,"NO-Hardhat, NO-Safety Vest"
2025-11-03 15:41:18,1,NO-Mask
2025-11-03 15:41:18,2,
2025-11-03 15:41:18,3,"NO-Safety Vest, NO-Mask, NO-Mask"
2025-11-03 15:41:18,1,"NO-Hardhat, NO-Safety Vest"
2025-11-03 15:41:18,1,
2025-11-03 15:41:18,2,"NO-Hardhat, NO-Hardhat, NO-Safety Vest, NO-Safety Vest"
2025-11-03 15:41:18,1,"NO-Hardhat, NO-Safety Vest"
2025-11-03 15:41:18,1,
2025-11-03 15:41:18,2,"NO-Hardhat, NO-Mask, NO-Mask, NO-Safety Vest"
2025-11-03 15:41:18,3,
2025-11-03 15:41:18,1,
2025-11-03 15:41:18,2,"NO-Hardhat, NO-Hardhat, NO-Safety Vest, NO-Safety Vest"
2025-11-03 15:41:18,1,"NO-Hardhat, NO-Safety Vest"
2025-11-03 15:41:18,1,"NO-Hardhat, NO-Safety Vest"
2025-11-03 15:41:18,1,
2025-11-03 15:41:18,2,"NO-Hardhat, NO-Hardhat, NO-Safety Vest, NO-Safety Vest"
2025-11-03 15:41:18,1,"NO-Hardhat, NO-Mask, NO-Safety Vest"
2025-11-03 15:41:18,2,NO-Mask
2025-11-03 15:41:18,1,"NO-Hardhat, NO-Safety Vest"
2025-11-03 15:41:19,1,"NO-Hardhat, NO-Safety Vest"
2025-11-03 15:41:19,1,
2025-11-03 15:41:19,2,"NO-Hardhat, NO-Safety Vest, NO-Hardhat, NO-Safety Vest"
2025-11-03 15:41:19,1,"NO-Hardhat, NO-Mask, NO-Safety Vest"
2025-11-03 15:41:19,2,NO-Mask
2025-11-03 15:41:19,1,"NO-Hardhat, NO-Safety Vest"
2025-11-03 15:41:19,1,"NO-Hardhat, NO-Safety Vest"
2025-11-03 15:41:19,1,
2025-11-03 15:41:19,2,"NO-Hardhat, NO-Hardhat, NO-Safety Vest, NO-Safety Vest"
2025-11-03 15:41:19,1,"NO-Hardhat, NO-Mask, NO-Safety Vest"
2025-11-03 15:41:19,2,"NO-Mask, NO-Hardhat"
2025-11-03 15:41:19,1,"NO-Hardhat, NO-Safety Vest"
2025-11-03 15:41:19,1,"NO-Hardhat, NO-Safety Vest"
2025-11-03 15:41:19,1,
2025-11-03 15:41:19,2,"NO-Hardhat, NO-Hardhat, NO-Safety Vest, NO-Safety Vest"
2025-11-03 15:41:19,1,"NO-Hardhat, NO-Mask"
2025-11-03 15:41:19,2,"NO-Mask, NO-Safety Vest, NO-Hardhat"
2025-11-03 15:41:19,1,"NO-Hardhat, NO-Safety Vest"
2025-11-03 15:41:19,1,
2025-11-03 15:41:19,2,"NO-Safety Vest, NO-Hardhat, NO-Hardhat"
2025-11-03 15:41:19,3,NO-Safety Vest
2025-11-03 15:41:19,1,"NO-Hardhat, NO-Safety Vest"
2025-11-03 15:41:19,1,NO-Hardhat
2025-11-03 15:41:19,2,"NO-Mask, NO-Safety Vest"
2025-11-03 15:41:19,1,"NO-Hardhat, NO-Safety Vest"
2025-11-03 15:41:19,1,NO-Safety Vest
2025-11-03 15:41:19,2,"NO-Hardhat, NO-Hardhat, NO-Safety Vest"
2025-11-03 15:41:19,3,
2025-11-03 15:41:19,1,"NO-Hardhat, NO-Mask"
2025-11-03 15:41:19,2,NO-Safety Vest
2025-11-03 15:41:19,1,"NO-Hardhat, NO-Safety Vest"
2025-11-03 15:41:19,1,NO-Safety Vest
2025-11-03 15:41:19,2,"NO-Hardhat, NO-Hardhat, NO-Safety Vest"
2025-11-03 15:41:19,3,
2025-11-03 15:41:19,1,"NO-Hardhat, NO-Safety Vest"
2025-11-03 15:41:19,1,"NO-Hardhat, NO-Mask"
2025-11-03 15:41:19,2,NO-Safety Vest
2025-11-03 15:41:19,1,"NO-Hardhat, NO-Safety Vest"
2025-11-03 15:41:19,1,NO-Safety Vest
2025-11-03 15:41:19,2,"NO-Hardhat, NO-Hardhat, NO-Safety Vest"
2025-11-03 15:41:19,1,"NO-Hardhat, NO-Mask"
2025-11-03 15:41:19,2,NO-Safety Vest
2025-11-03 15:41:19,1,"NO-Hardhat, NO-Safety Vest"
2025-11-03 15:41:19,1,NO-Safety Vest
2025-11-03 15:41:19,2,"NO-Hardhat, NO-Hardhat, NO-Safety Vest"
2025-11-03 15:41:19,1,"NO-Hardhat, NO-Safety Vest"
2025-11-03 15:41:19,1,"NO-Mask, NO-Hardhat, NO-Mask"
2025-11-03 15:41:19,2,NO-Safety Vest
2025-11-03 15:41:19,1,"NO-Hardhat, NO-Safety Vest"
2025-11-03 15:41:19,1,"NO-Safety Vest, NO-Hardhat"
2025-11-03 15:41:19,2,"NO-Hardhat, NO-Safety Vest"
2025-11-03 15:41:19,1,"NO-Hardhat, NO-Mask, NO-Mask"
2025-11-03 15:41:19,2,NO-Safety Vest
2025-11-03 15:41:19,1,"NO-Hardhat, NO-Safety Vest"
2025-11-03 15:41:19,1,"NO-Safety Vest, NO-Hardhat"
2025-11-03 15:41:19,2,"NO-Hardhat, NO-Safety Vest"
2025-11-03 15:41:20,1,"NO-Hardhat, NO-Safety Vest"
2025-11-03 15:41:20,1,"NO-Mask, NO-Hardhat, NO-Mask"
2025-11-03 15:41:20,2,NO-Safety Vest
2025-11-03 15:41:20,1,"NO-Hardhat, NO-Safety Vest"
2025-11-03 15:41:20,1,NO-Safety Vest
2025-11-03 15:41:20,2,"NO-Hardhat, NO-Hardhat, NO-Safety Vest"
2025-11-03 15:41:20,1,"NO-Mask, NO-Hardhat, NO-Mask"
2025-11-03 15:41:20,2,NO-Safety Vest
2025-11-03 15:41:20,3,
2025-11-03 15:41:20,1,"NO-Hardhat, NO-Safety Vest, NO-Mask"
2025-11-03 15:41:20,1,"NO-Hardhat, NO-Safety Vest"
2025-11-03 15:41:20,2,"NO-Hardhat, NO-Safety Vest"
2025-11-03 15:41:20,1,"NO-Hardhat, NO-Safety Vest"
2025-11-03 15:41:20,1,"NO-Mask, NO-Hardhat, NO-Mask"
2025-11-03 15:41:20,2,
2025-11-03 15:41:20,3,"NO-Hardhat, NO-Safety Vest"
2025-11-03 15:41:20,1,"NO-Hardhat, NO-Safety Vest, NO-Mask"
2025-11-03 15:41:20,1,NO-Hardhat
2025-11-03 15:41:20,2,"NO-Safety Vest, NO-Hardhat, NO-Safety Vest"
2025-11-03 15:41:20,1,"NO-Hardhat, NO-Safety Vest, NO-Mask"
2025-11-03 15:41:20,1,"NO-Mask, NO-Hardhat, NO-Hardhat, NO-Mask"
2025-11-03 15:41:20,2,NO-Safety Vest
2025-11-03 15:41:20,3,
2025-11-03 15:41:20,4,
2025-11-03 15:41:20,1,NO-Hardhat
2025-11-03 15:41:20,2,"NO-Hardhat, NO-Safety Vest, NO-Safety Vest"
2025-11-03 15:41:20,1,"NO-Hardhat, NO-Safety Vest, NO-Mask"
2025-11-03 15:41:20,1,NO-Hardhat
2025-11-03 15:41:20,2,"NO-Hardhat, NO-Safety Vest, NO-Safety Vest"
2025-11-03 15:41:20,1,"NO-Mask, NO-Hardhat, NO-Hardhat, NO-Safety Vest, NO-Mask"
2025-11-03 15:41:20,2,
2025-11-03 15:41:20,3,NO-Mask
2025-11-03 15:41:20,4,
2025-11-03 15:41:20,1,"NO-Hardhat, NO-Safety Vest, NO-Mask"
2025-11-03 15:41:20,1,"NO-Hardhat, NO-Safety Vest, NO-Mask"
2025-11-03 15:41:20,1,NO-Hardhat
2025-11-03 15:41:20,2,"NO-Safety Vest, NO-Hardhat, NO-Safety Vest"
2025-11-03 15:41:20,1,"NO-Hardhat, NO-Hardhat, NO-Mask, NO-Safety Vest, NO-Mask"
2025-11-03 15:41:20,2,NO-Mask
2025-11-03 15:41:20,3,
2025-11-03 15:41:20,1,"NO-Hardhat, NO-Safety Vest, NO-Mask, NO-Mask"
2025-11-03 15:41:20,1,
2025-11-03 15:41:20,2,"NO-Hardhat, NO-Safety Vest, NO-Hardhat, NO-Safety Vest"
2025-11-03 15:41:20,1,"NO-Hardhat, NO-Safety Vest, NO-Mask"
2025-11-03 15:41:20,1,"NO-Hardhat, NO-Mask"
2025-11-03 15:41:20,2,"NO-Safety Vest, NO-Mask"
2025-11-03 15:41:20,3,NO-Mask
2025-11-03 15:41:20,1,"NO-Hardhat, NO-Safety Vest, NO-Mask, NO-Mask"
2025-11-03 15:41:20,1,NO-Hardhat
2025-11-03 15:41:20,2,"NO-Safety Vest, NO-Hardhat, NO-Safety Vest"
2025-11-03 15:41:20,1,"NO-Hardhat, NO-Safety Vest"
2025-11-03 15:41:20,2,
2025-11-03 15:41:20,3,"NO-Mask, NO-Mask, NO-Mask"
2025-11-03 15:41:20,1,"NO-Hardhat, NO-Safety Vest"
2025-11-03 15:41:20,2,NO-Mask
2025-11-03 15:41:20,1,NO-Hardhat
2025-11-03 15:41:20,2,"NO-Safety Vest, NO-Hardhat"
2025-11-03 15:41:20,1,NO-Hardhat
2025-11-03 15:41:20,2,NO-Hardhat
2025-11-03 15:41:20,1,"NO-Hardhat, NO-Safety Vest, NO-Mask"
2025-11-03 15:41:20,2,
2025-11-03 15:41:20,1,"NO-Hardhat, NO-Safety Vest"
2025-11-03 15:41:20,2,
2025-11-03 15:41:20,3,"NO-Mask, NO-Mask"
2025-11-03 15:41:21,1,"NO-Hardhat, NO-Safety Vest, NO-Mask"
2025-11-03 15:41:21,2,
2025-11-03 15:41:21,1,"NO-Hardhat, NO-Safety Vest"
2025-11-03 15:41:21,2,NO-Hardhat
2025-11-03 15:41:21,1,"NO-Hardhat, NO-Safety Vest"
2025-11-03 15:41:21,2,
2025-11-03 15:41:21,3,"NO-Mask, NO-Mask, NO-Mask"
2025-11-03 15:41:21,1,"NO-Hardhat, NO-Safety Vest"
2025-11-03 15:41:21,2,NO-Hardhat
2025-11-03 15:41:21,1,"NO-Hardhat, NO-Safety Vest"
2025-11-03 15:41:21,2,NO-Mask
2025-11-03 15:41:21,1,"NO-Hardhat, NO-Mask"
2025-11-03 15:41:21,2,
2025-11-03 15:41:21,1,"NO-Hardhat, NO-Safety Vest"
2025-11-03 15:41:21,2,
2025-11-03 15:41:21,3,NO-Mask
2025-11-03 15:41:21,4,"NO-Mask, NO-Mask"
2025-11-03 15:41:21,1,"NO-Hardhat, NO-Safety Vest"
2025-11-03 15:41:21,2,"NO-Hardhat, NO-Mask"
2025-11-03 15:41:21,1,"NO-Hardhat, NO-Mask"
2025-11-03 15:41:21,2,
2025-11-03 15:41:21,1,"NO-Hardhat, NO-Mask"
2025-11-03 15:41:21,2,
2025-11-03 15:41:21,1,"NO-Hardhat, NO-Hardhat, NO-Hardhat, NO-Safety Vest"
2025-11-03 15:41:21,2,
2025-11-03 15:41:21,3,NO-Mask
2025-11-03 15:41:21,4,
2025-11-03 15:41:21,1,"NO-Safety Vest, NO-Hardhat, NO-Hardhat"
2025-11-03 15:41:21,2,NO-Mask
2025-11-03 15:41:21,1,"NO-Hardhat, NO-Mask"
2025-11-03 15:41:21,2,
2025-11-03 15:41:21,1,"NO-Hardhat, NO-Mask"
2025-11-03 15:41:21,2,
2025-11-03 15:41:21,1,NO-Safety Vest
2025-11-03 15:41:21,2,"NO-Hardhat, NO-Hardhat, NO-Mask"
2025-11-03 15:41:21,1,"NO-Hardhat, NO-Hardhat, NO-Hardhat, NO-Safety Vest"
2025-11-03 15:41:21,2,
2025-11-03 15:41:21,3,NO-Mask
2025-11-03 15:41:21,4,
2025-11-03 15:41:21,1,NO-Hardhat
2025-11-03 15:41:21,2,NO-Mask
2025-11-03 15:41:21,1,NO-Hardhat
2025-11-03 15:41:21,2,NO-Mask
2025-11-03 15:41:21,1,"NO-Safety Vest, NO-Hardhat, NO-Hardhat"
2025-11-03 15:41:21,2,NO-Mask
2025-11-03 15:41:21,1,"NO-Hardhat, NO-Hardhat, NO-Safety Vest"
2025-11-03 15:41:21,2,
2025-11-03 15:41:21,3,NO-Mask
2025-11-03 15:41:21,1,NO-Hardhat
2025-11-03 15:41:21,2,NO-Mask
2025-11-03 15:41:21,1,"NO-Safety Vest, NO-Hardhat, NO-Hardhat"
2025-11-03 15:41:21,2,NO-Mask
2025-11-03 15:41:21,1,NO-Hardhat
2025-11-03 15:41:21,2,"NO-Mask, NO-Safety Vest"
2025-11-03 15:41:21,1,"NO-Hardhat, NO-Hardhat, NO-Safety Vest"
2025-11-03 15:41:21,2,
2025-11-03 15:41:21,3,"NO-Mask, NO-Mask"
2025-11-03 15:41:21,1,NO-Hardhat
2025-11-03 15:41:21,2,"NO-Safety Vest, NO-Mask"
2025-11-03 15:41:21,1,"NO-Safety Vest, NO-Hardhat, NO-Hardhat"
2025-11-03 15:41:21,2,NO-Mask
2025-11-03 15:41:21,1,NO-Hardhat
2025-11-03 15:41:21,2,NO-Safety Vest
2025-11-03 15:41:21,3,"NO-Mask, NO-Mask"
2025-11-03 15:41:21,1,NO-Hardhat
2025-11-03 15:41:21,2,"NO-Mask, NO-Safety Vest"
2025-11-03 15:41:21,1,NO-Safety Vest
2025-11-03 15:41:21,2,"NO-Hardhat, NO-Hardhat, NO-Mask"
2025-11-03 15:41:21,1,NO-Hardhat
2025-11-03 15:41:21,2,"NO-Mask, NO-Safety Vest"
2025-11-03 15:41:21,1,NO-Hardhat
2025-11-03 15:41:21,2,"NO-Hardhat, NO-Safety Vest"
2025-11-03 15:41:21,3,"NO-Mask, NO-Mask"
2025-11-03 15:41:21,1,NO-Safety Vest
2025-11-03 15:41:21,2,"NO-Hardhat, NO-Hardhat, NO-Mask, NO-Safety Vest"
2025-11-03 15:41:21,1,NO-Hardhat
2025-11-03 15:41:21,2,"NO-Mask, NO-Safety Vest"
2025-11-03 15:41:22,1,"NO-Safety Vest, NO-Hardhat"
2025-11-03 15:41:22,2,"NO-Hardhat, NO-Hardhat, NO-Mask"
2025-11-03 15:41:22,3,
2025-11-03 15:41:22,1,NO-Hardhat
2025-11-03 15:41:22,2,"NO-Mask, NO-Safety Vest"
2025-11-03 15:41:22,1,NO-Safety Vest
2025-11-03 15:41:22,2,"NO-Hardhat, NO-Hardhat, NO-Mask, NO-Mask"
2025-11-03 15:41:22,1,NO-Hardhat
2025-11-03 15:41:22,2,"NO-Mask, NO-Safety Vest"
2025-11-03 15:41:22,1,"NO-Safety Vest, NO-Hardhat, NO-Hardhat"
2025-11-03 15:41:22,2,NO-Hardhat
2025-11-03 15:41:22,3,NO-Mask
2025-11-03 15:41:22,1,NO-Hardhat
2025-11-03 15:41:22,2,"NO-Mask, NO-Safety Vest"
2025-11-03 15:41:22,1,"NO-Safety Vest, NO-Hardhat"
2025-11-03 15:41:22,2,"NO-Hardhat, NO-Mask, NO-Mask"
2025-11-03 15:41:22,1,"NO-Safety Vest, NO-Hardhat, NO-Hardhat"
2025-11-03 15:41:22,2,NO-Hardhat
2025-11-03 15:41:22,3,NO-Mask
2025-11-03 15:41:22,4,
2025-11-03 15:41:22,1,NO-Hardhat
2025-11-03 15:41:22,2,"NO-Mask, NO-Safety Vest"
2025-11-03 15:41:22,1,NO-Safety Vest
2025-11-03 15:41:22,2,"NO-Hardhat, NO-Hardhat"
2025-11-03 15:41:22,3,"NO-Mask, NO-Mask, NO-Safety Vest"
2025-11-03 15:41:22,1,NO-Hardhat
2025-11-03 15:41:22,2,"NO-Mask, NO-Safety Vest"
2025-11-03 15:41:22,1,"NO-Safety Vest, NO-Hardhat, NO-Hardhat"
2025-11-03 15:41:22,2,
2025-11-03 15:41:22,3,"NO-Hardhat, NO-Mask"
2025-11-03 15:41:22,4,NO-Mask
2025-11-03 15:41:22,1,NO-Hardhat
2025-11-03 15:41:22,2,NO-Mask
2025-11-03 15:41:22,1,NO-Hardhat
2025-11-03 15:41:22,2,NO-Mask
2025-11-03 15:41:22,1,"NO-Safety Vest, NO-Hardhat"
2025-11-03 15:41:22,2,NO-Hardhat
2025-11-03 15:41:22,3,"NO-Safety Vest, NO-Mask"
2025-11-03 15:41:22,1,NO-Hardhat
2025-11-03 15:41:22,2,NO-Mask
2025-11-03 15:41:22,1,"NO-Safety Vest, NO-Hardhat"
2025-11-03 15:41:22,2,"NO-Hardhat, NO-Hardhat"
2025-11-03 15:41:22,3,NO-Mask
2025-11-03 15:41:22,4,"NO-Hardhat, NO-Safety Vest, NO-Mask"
2025-11-03 15:41:22,1,NO-Safety Vest
2025-11-03 15:41:22,2,NO-Hardhat
2025-11-03 15:41:22,3,"NO-Hardhat, NO-Safety Vest, NO-Mask"
2025-11-03 15:41:22,1,NO-Hardhat
2025-11-03 15:41:22,2,"NO-Mask, NO-Safety Vest"
2025-11-03 15:41:22,1,NO-Hardhat
2025-11-03 15:41:22,2,NO-Mask
2025-11-03 15:41:22,1,"NO-Safety Vest, NO-Hardhat, NO-Hardhat"
2025-11-03 15:41:22,2,
2025-11-03 15:41:22,3,"NO-Hardhat, NO-Mask"
2025-11-03 15:41:22,4,"NO-Safety Vest, NO-Hardhat, NO-Mask"
2025-11-03 15:41:22,1,"NO-Hardhat, NO-Safety Vest"
2025-11-03 15:41:22,2,
2025-11-03 15:41:22,3,"NO-Hardhat, NO-Mask, NO-Safety Vest"
2025-11-03 15:41:22,1,NO-Hardhat
2025-11-03 15:41:22,2,NO-Mask
2025-11-03 15:41:22,1,NO-Hardhat
2025-11-03 15:41:22,2,"NO-Mask, NO-Safety Vest"
2025-11-03 15:41:22,1,"NO-Safety Vest, NO-Hardhat"
2025-11-03 15:41:22,2,
2025-11-03 15:41:22,3,"NO-Hardhat, NO-Safety Vest, NO-Mask"
2025-11-03 15:41:22,1,"NO-Safety Vest, NO-Hardhat, NO-Hardhat, NO-Safety Vest"
2025-11-03 15:41:22,2,NO-Hardhat
2025-11-03 15:41:22,3,NO-Mask
2025-11-03 15:41:22,4,"NO-Hardhat, NO-Mask"
2025-11-03 15:41:22,1,NO-Hardhat
2025-11-03 15:41:22,2,"NO-Mask, NO-Safety Vest"
2025-11-03 15:41:22,1,"NO-Safety Vest, NO-Hardhat"
2025-11-03 15:41:22,2,NO-Hardhat
2025-11-03 15:41:22,3,NO-Safety Vest
2025-11-03 15:41:22,1,NO-Hardhat
2025-11-03 15:41:22,2,"NO-Mask, NO-Safety Vest"
2025-11-03 15:41:22,1,"NO-Safety Vest, NO-Hardhat, NO-Hardhat"
2025-11-03 15:41:22,2,NO-Hardhat
2025-11-03 15:41:22,3,"NO-Safety Vest, NO-Mask"
2025-11-03 15:41:22,4,"NO-Hardhat, NO-Mask"
2025-11-03 15:41:22,1,NO-Hardhat
2025-11-03 15:41:22,2,"NO-Mask, NO-Safety Vest"
2025-11-03 15:41:22,1,NO-Hardhat
2025-11-03 15:41:22,2,"NO-Safety Vest, NO-Hardhat"
2025-11-03 15:41:22,3,NO-Safety Vest
2025-11-03 15:41:23,1,"NO-Safety Vest, NO-Hardhat, NO-Hardhat"
2025-11-03 15:41:23,2,NO-Hardhat
2025-11-03 15:41:23,3,NO-Mask
2025-11-03 15:41:23,4,"NO-Hardhat, NO-Safety Vest, NO-Mask"
2025-11-03 15:41:23,1,NO-Hardhat
2025-11-03 15:41:23,2,"NO-Mask, NO-Safety Vest"
2025-11-03 15:41:23,1,NO-Hardhat
2025-11-03 15:41:23,2,"NO-Safety Vest, NO-Hardhat"
2025-11-03 15:41:23,3,NO-Safety Vest
2025-11-03 15:41:23,1,NO-Hardhat
2025-11-03 15:41:23,2,"NO-Safety Vest, NO-Mask"
2025-11-03 15:41:23,1,
2025-11-03 15:41:23,2,"NO-Hardhat, NO-Safety Vest, NO-Hardhat"
2025-11-03 15:41:23,3,NO-Safety Vest
2025-11-03 15:41:23,1,"NO-Safety Vest, NO-Hardhat, NO-Hardhat"
2025-11-03 15:41:23,2,NO-Hardhat
2025-11-03 15:41:23,3,NO-Safety Vest
2025-11-03 15:41:23,4,"NO-Mask, NO-Hardhat, NO-Mask"
2025-11-03 15:41:23,1,NO-Hardhat
2025-11-03 15:41:23,2,"NO-Safety Vest, NO-Mask"
2025-11-03 15:41:23,1,NO-Hardhat
2025-11-03 15:41:23,2,"NO-Mask, NO-Safety Vest"
2025-11-03 15:41:23,1,
2025-11-03 15:41:23,2,"NO-Hardhat, NO-Safety Vest"
2025-11-03 15:41:23,3,"NO-Hardhat, NO-Safety Vest"
2025-11-03 15:41:23,1,"NO-Safety Vest, NO-Hardhat, NO-Hardhat"
2025-11-03 15:41:23,2,NO-Safety Vest
2025-11-03 15:41:23,3,
2025-11-03 15:41:23,4,"NO-Hardhat, NO-Mask, NO-Hardhat, NO-Mask"
2025-11-03 15:41:23,1,"NO-Hardhat, NO-Mask"
2025-11-03 15:41:23,2,NO-Safety Vest
2025-11-03 15:41:23,1,
2025-11-03 15:41:23,2,NO-Hardhat
2025-11-03 15:41:23,3,"NO-Safety Vest, NO-Hardhat, NO-Safety Vest"
2025-11-03 15:41:23,1,"NO-Hardhat, NO-Safety Vest, NO-Mask"
2025-11-03 15:41:23,2,
2025-11-03 15:41:23,1,"NO-Safety Vest, NO-Hardhat, NO-Hardhat"
2025-11-03 15:41:23,2,
2025-11-03 15:41:23,3,
2025-11-03 15:41:23,4,"NO-Hardhat, NO-Safety Vest, NO-Hardhat, NO-Mask, NO-Mask"
2025-11-03 15:41:23,1,
2025-11-03 15:41:23,2,NO-Hardhat
2025-11-03 15:41:23,3,"NO-Safety Vest, NO-Hardhat, NO-Safety Vest"
2025-11-03 15:41:23,1,"NO-Hardhat, NO-Mask, NO-Safety Vest"
2025-11-03 15:41:23,2,
2025-11-03 15:41:23,1,"NO-Hardhat, NO-Mask, NO-Safety Vest"
2025-11-03 15:41:23,2,
2025-11-03 15:41:23,1,"NO-Safety Vest, NO-Hardhat, NO-Hardhat"
2025-11-03 15:41:23,2,
2025-11-03 15:41:23,3,
2025-11-03 15:41:23,4,"NO-Hardhat, NO-Hardhat, NO-Mask, NO-Safety Vest, NO-Mask"
2025-11-03 15:41:23,1,
2025-11-03 15:41:23,2,
2025-11-03 15:41:23,3,"NO-Hardhat, NO-Safety Vest, NO-Hardhat, NO-Safety Vest"
2025-11-03 15:41:23,1,"NO-Hardhat, NO-Mask, NO-Safety Vest"
2025-11-03 15:41:23,2,
2025-11-03 15:41:23,1,"NO-Hardhat, NO-Mask, NO-Safety Vest"
2025-11-03 15:41:23,2,
2025-11-03 15:41:23,1,
2025-11-03 15:41:23,2,
2025-11-03 15:41:23,3,"NO-Hardhat, NO-Safety Vest, NO-Hardhat"
2025-11-03 15:41:23,1,"NO-Safety Vest, NO-Hardhat, NO-Hardhat, NO-Hardhat"
2025-11-03 15:41:23,2,
2025-11-03 15:41:23,3,NO-Hardhat
2025-11-03 15:41:23,4,"NO-Safety Vest, NO-Mask, NO-Mask"
2025-11-03 15:41:23,1,"NO-Hardhat, NO-Mask, NO-Safety Vest"
2025-11-03 15:41:23,2,
2025-11-03 15:41:23,1,
2025-11-03 15:41:23,2,
2025-11-03 15:41:23,3,"NO-Hardhat, NO-Safety Vest, NO-Hardhat, NO-Hardhat"
2025-11-03 15:41:23,1,"NO-Hardhat, NO-Mask"
2025-11-03 15:41:23,2,NO-Safety Vest
2025-11-03 15:41:23,1,"NO-Safety Vest, NO-Hardhat, NO-Hardhat, NO-Hardhat"
2025-11-03 15:41:23,2,NO-Hardhat
2025-11-03 15:41:23,3,"NO-Mask, NO-Safety Vest"
2025-11-03 15:41:23,4,NO-Mask
2025-11-03 15:41:23,1,
2025-11-03 15:41:23,2,
2025-11-03 15:41:23,3,"NO-Hardhat, NO-Safety Vest, NO-Hardhat, NO-Hardhat"
2025-11-03 15:41:23,1,"NO-Hardhat, NO-Mask"
2025-11-03 15:41:23,2,NO-Safety Vest
2025-11-03 15:41:23,1,"NO-Hardhat, NO-Mask"
2025-11-03 15:41:23,2,NO-Safety Vest
2025-11-03 15:41:23,1,
2025-11-03 15:41:23,2,
2025-11-03 15:41:23,3,"NO-Hardhat, NO-Safety Vest, NO-Hardhat"
2025-11-03 15:41:23,1,"NO-Hardhat, NO-Safety Vest, NO-Hardhat, NO-Hardhat, NO-Hardhat"
2025-11-03 15:41:23,2,
2025-11-03 15:41:23,3,"NO-Mask, NO-Safety Vest"
2025-11-03 15:41:23,4,
2025-11-03 15:41:23,1,"NO-Hardhat, NO-Mask"
2025-11-03 15:41:23,2,NO-Safety Vest
2025-11-03 15:41:24,1,"NO-Hardhat, NO-Mask"
2025-11-03 15:41:24,2,NO-Safety Vest
2025-11-03 15:41:24,1,
2025-11-03 15:41:24,2,
2025-11-03 15:41:24,3,"NO-Hardhat, NO-Safety Vest, NO-Hardhat, NO-Safety Vest"
2025-11-03 15:41:24,1,"NO-Hardhat, NO-Hardhat, NO-Hardhat, NO-Safety Vest, NO-Hardhat"
2025-11-03 15:41:24,2,
2025-11-03 15:41:24,3,NO-Mask
2025-11-03 15:41:24,4,"NO-Safety Vest, NO-Mask"
2025-11-03 15:41:24,1,"NO-Hardhat, NO-Mask"
2025-11-03 15:41:24,2,NO-Safety Vest
2025-11-03 15:41:24,1,
2025-11-03 15:41:24,2,
2025-11-03 15:41:24,3,"NO-Hardhat, NO-Safety Vest, NO-Hardhat, NO-Hardhat, NO-Mask, NO-Safety Vest"
2025-11-03 15:41:24,1,"NO-Hardhat, NO-Mask"
2025-11-03 15:41:24,2,NO-Safety Vest
2025-11-03 15:41:24,1,"NO-Hardhat, NO-Hardhat, NO-Hardhat, NO-Safety Vest, NO-Hardhat"
2025-11-03 15:41:24,2,
2025-11-03 15:41:24,3,NO-Mask
2025-11-03 15:41:24,4,"NO-Safety Vest, NO-Mask"
2025-11-03 15:41:24,1,"NO-Hardhat, NO-Mask, NO-Safety Vest"
2025-11-03 15:41:24,1,
2025-11-03 15:41:24,2,
2025-11-03 15:41:24,3,"NO-Safety Vest, NO-Hardhat, NO-Hardhat, NO-Hardhat, NO-Mask"
2025-11-03 15:41:24,1,"NO-Hardhat, NO-Mask, NO-Safety Vest"
2025-11-03 15:41:24,1,"NO-Hardhat, NO-Hardhat, NO-Safety Vest, NO-Hardhat, NO-Hardhat"
2025-11-03 15:41:24,2,
2025-11-03 15:41:24,3,"NO-Mask, NO-Safety Vest"
2025-11-03 15:41:24,4,"NO-Mask, NO-Mask"
2025-11-03 15:41:24,1,
2025-11-03 15:41:24,2,NO-Safety Vest
2025-11-03 15:41:24,3,"NO-Hardhat, NO-Hardhat, NO-Hardhat, NO-Mask"
2025-11-03 15:41:24,1,"NO-Hardhat, NO-Mask, NO-Safety Vest"
2025-11-03 15:41:24,1,"NO-Hardhat, NO-Safety Vest, NO-Mask"
2025-11-03 15:41:24,1,
2025-11-03 15:41:24,2,NO-Safety Vest
2025-11-03 15:41:24,3,"NO-Hardhat, NO-Hardhat, NO-Hardhat, NO-Mask, NO-Safety Vest"
2025-11-03 15:41:24,1,"NO-Hardhat, NO-Safety Vest, NO-Mask"
2025-11-03 15:41:24,1,"NO-Hardhat, NO-Hardhat, NO-Safety Vest, NO-Hardhat, NO-Hardhat"
2025-11-03 15:41:24,2,
2025-11-03 15:41:24,3,NO-Mask
2025-11-03 15:41:24,4,"NO-Safety Vest, NO-Mask, NO-Mask"
2025-11-03 15:41:24,1,
2025-11-03 15:41:24,2,NO-Safety Vest
2025-11-03 15:41:24,3,"NO-Hardhat, NO-Hardhat, NO-Hardhat, NO-Safety Vest, NO-Mask"
2025-11-03 15:41:24,1,"NO-Hardhat, NO-Safety Vest, NO-Mask"
2025-11-03 15:41:24,1,"NO-Hardhat, NO-Hardhat, NO-Safety Vest, NO-Hardhat, NO-Hardhat"
2025-11-03 15:41:24,2,
2025-11-03 15:41:24,3,
2025-11-03 15:41:24,4,"NO-Mask, NO-Safety Vest, NO-Mask"
2025-11-03 15:41:24,1,"NO-Hardhat, NO-Mask, NO-Safety Vest"
2025-11-03 15:41:24,1,
2025-11-03 15:41:24,2,NO-Safety Vest
2025-11-03 15:41:24,3,"NO-Hardhat, NO-Hardhat, NO-Hardhat, NO-Safety Vest, NO-Mask"
2025-11-03 15:41:24,1,"NO-Hardhat, NO-Mask, NO-Safety Vest"
2025-11-03 15:41:24,1,"NO-Hardhat, NO-Hardhat, NO-Safety Vest, NO-Hardhat, NO-Hardhat"
2025-11-03 15:41:24,2,
2025-11-03 15:41:24,3,
2025-11-03 15:41:24,4,"NO-Mask, NO-Safety Vest, NO-Mask"
2025-11-03 15:41:24,1,"NO-Hardhat, NO-Mask, NO-Safety Vest"
2025-11-03 15:41:24,1,
2025-11-03 15:41:24,2,NO-Safety Vest
2025-11-03 15:41:24,3,"NO-Hardhat, NO-Hardhat, NO-Mask"
2025-11-03 15:41:24,1,"NO-Hardhat, NO-Mask, NO-Safety Vest"
2025-11-03 15:41:24,1,NO-Safety Vest
2025-11-03 15:41:24,2,
2025-11-03 15:41:24,3,"NO-Hardhat, NO-Hardhat"
2025-11-03 15:41:24,1,"NO-Hardhat, NO-Hardhat, NO-Safety Vest, NO-Hardhat, NO-Hardhat"
2025-11-03 15:41:24,2,
2025-11-03 15:41:24,3,NO-Mask
2025-11-03 15:41:24,4,"NO-Safety Vest, NO-Mask"
2025-11-03 15:41:24,1,"NO-Hardhat, NO-Mask, NO-Safety Vest"
2025-11-03 15:41:25,1,
2025-11-03 15:41:25,2,
2025-11-03 15:41:25,3,"NO-Hardhat, NO-Hardhat"
2025-11-03 15:41:25,1,"NO-Hardhat, NO-Mask, NO-Safety Vest"
2025-11-03 15:41:25,1,
2025-11-03 15:41:25,2,
2025-11-03 15:41:25,3,"NO-Hardhat, NO-Hardhat"
2025-11-03 15:41:25,1,"NO-Hardhat, NO-Safety Vest"
2025-11-03 15:41:25,2,"NO-Hardhat, NO-Hardhat"
2025-11-03 15:41:25,3,NO-Mask
2025-11-03 15:41:25,4,"NO-Safety Vest, NO-Mask"
2025-11-03 15:41:25,1,"NO-Hardhat, NO-Mask, NO-Safety Vest"
2025-11-03 15:41:25,1,"NO-Hardhat, NO-Mask, NO-Safety Vest"
2025-11-03 15:41:25,1,NO-Safety Vest
2025-11-03 15:41:25,2,
2025-11-03 15:41:25,3,"NO-Hardhat, NO-Hardhat"
2025-11-03 15:41:25,1,"NO-Hardhat, NO-Mask, NO-Safety Vest"
2025-11-03 15:41:25,1,
2025-11-03 15:41:25,2,"NO-Safety Vest, NO-Hardhat, NO-Hardhat"
2025-11-03 15:41:25,3,
2025-11-03 15:41:25,4,"NO-Mask, NO-Safety Vest, NO-Mask, NO-Mask"
2025-11-03 15:41:25,1,NO-Safety Vest
2025-11-03 15:41:25,2,
2025-11-03 15:41:25,3,"NO-Hardhat, NO-Hardhat"
2025-11-03 15:41:25,1,"NO-Hardhat, NO-Mask, NO-Safety Vest"
2025-11-03 15:41:25,1,
2025-11-03 15:41:25,2,
2025-11-03 15:41:25,3,"NO-Safety Vest, NO-Hardhat, NO-Hardhat, NO-Hardhat"
2025-11-03 15:41:25,1,"NO-Hardhat, NO-Mask, NO-Safety Vest"
2025-11-03 15:41:25,1,"NO-Hardhat, NO-Safety Vest, NO-Hardhat"
2025-11-03 15:41:25,2,NO-Hardhat
2025-11-03 15:41:25,3,
2025-11-03 15:41:25,4,"NO-Safety Vest, NO-Mask, NO-Mask, NO-Mask"
2025-11-03 15:41:25,1,"NO-Hardhat, NO-Mask, NO-Safety Vest"
2025-11-03 15:41:25,1,
2025-11-03 15:41:25,2,NO-Safety Vest
2025-11-03 15:41:25,3,"NO-Hardhat, NO-Hardhat, NO-Hardhat"
2025-11-03 15:41:25,1,"NO-Hardhat, NO-Mask, NO-Safety Vest"
2025-11-03 15:41:25,1,
2025-11-03 15:41:25,2,NO-Safety Vest
2025-11-03 15:41:25,3,"NO-Hardhat, NO-Hardhat, NO-Hardhat"
2025-11-03 15:41:25,1,"NO-Hardhat, NO-Safety Vest, NO-Hardhat"
2025-11-03 15:41:25,2,NO-Hardhat
2025-11-03 15:41:25,3,NO-Safety Vest
2025-11-03 15:41:25,4,"NO-Mask, NO-Mask, NO-Mask"
2025-11-03 15:41:25,1,"NO-Hardhat, NO-Mask, NO-Safety Vest"
2025-11-03 15:41:25,1,"NO-Hardhat, NO-Mask, NO-Safety Vest"
2025-11-03 15:41:25,1,
2025-11-03 15:41:25,2,NO-Safety Vest
2025-11-03 15:41:25,3,"NO-Hardhat, NO-Hardhat, NO-Hardhat"
2025-11-03 15:41:25,1,"NO-Safety Vest, NO-Hardhat, NO-Hardhat"
2025-11-03 15:41:25,2,
2025-11-03 15:41:25,3,"NO-Safety Vest, NO-Hardhat"
2025-11-03 15:41:25,4,"NO-Mask, NO-Mask, NO-Mask"
2025-11-03 15:41:25,1,"NO-Hardhat, NO-Mask, NO-Safety Vest"
2025-11-03 15:41:25,1,"NO-Hardhat, NO-Mask, NO-Safety Vest"
2025-11-03 15:41:25,1,NO-Safety Vest
2025-11-03 15:41:25,2,
2025-11-03 15:41:25,3,"NO-Hardhat, NO-Hardhat, NO-Hardhat"
2025-11-03 15:41:25,1,"NO-Safety Vest, NO-Hardhat, NO-Hardhat"
2025-11-03 15:41:25,2,NO-Hardhat
2025-11-03 15:41:25,3,NO-Safety Vest
2025-11-03 15:41:25,4,"NO-Mask, NO-Mask"
2025-11-03 15:41:25,1,"NO-Hardhat, NO-Mask, NO-Safety Vest"
2025-11-03 15:41:25,1,NO-Safety Vest
2025-11-03 15:41:25,2,
2025-11-03 15:41:25,3,"NO-Hardhat, NO-Hardhat"
2025-11-03 15:41:25,1,"NO-Hardhat, NO-Mask, NO-Safety Vest"
2025-11-03 15:41:25,1,NO-Safety Vest
2025-11-03 15:41:25,2,
2025-11-03 15:41:25,3,"NO-Hardhat, NO-Hardhat"
2025-11-03 15:41:25,1,"NO-Safety Vest, NO-Hardhat, NO-Hardhat"
2025-11-03 15:41:25,2,
2025-11-03 15:41:25,3,NO-Hardhat
2025-11-03 15:41:25,4,"NO-Safety Vest, NO-Mask, NO-Mask, NO-Mask"
2025-11-03 15:41:25,1,"NO-Hardhat, NO-Mask, NO-Safety Vest"
2025-11-03 15:41:26,1,NO-Safety Vest
2025-11-03 15:41:26,2,"NO-Hardhat, NO-Hardhat"
2025-11-03 15:41:26,3,NO-Mask
2025-11-03 15:41:26,1,"NO-Hardhat, NO-Mask, NO-Safety Vest"
2025-11-03 15:41:26,1,"NO-Safety Vest, NO-Hardhat, NO-Hardhat"
2025-11-03 15:41:26,2,
2025-11-03 15:41:26,3,
2025-11-03 15:41:26,4,"NO-Hardhat, NO-Safety Vest, NO-Mask, NO-Mask"
2025-11-03 15:41:26,1,"NO-Safety Vest, NO-Hardhat"
2025-11-03 15:41:26,2,NO-Hardhat
2025-11-03 15:41:26,3,NO-Mask
2025-11-03 15:41:26,1,"NO-Hardhat, NO-Mask, NO-Safety Vest"
2025-11-03 15:41:26,1,"NO-Safety Vest, NO-Hardhat"
2025-11-03 15:41:26,2,NO-Hardhat
2025-11-03 15:41:26,3,NO-Mask
2025-11-03 15:41:26,1,"NO-Hardhat, NO-Mask, NO-Safety Vest"
2025-11-03 15:41:26,1,"NO-Safety Vest, NO-Hardhat, NO-Hardhat"
2025-11-03 15:41:26,2,
2025-11-03 15:41:26,3,NO-Hardhat
2025-11-03 15:41:26,4,"NO-Safety Vest, NO-Mask, NO-Mask, NO-Mask"
2025-11-03 15:41:26,1,"NO-Hardhat, NO-Mask, NO-Safety Vest"
2025-11-03 15:41:26,1,"NO-Safety Vest, NO-Hardhat, NO-Hardhat"
2025-11-03 15:41:26,2,
2025-11-03 15:41:26,3,"NO-Mask, NO-Safety Vest"
2025-11-03 15:41:26,1,"NO-Hardhat, NO-Mask, NO-Safety Vest"
2025-11-03 15:41:26,1,"NO-Safety Vest, NO-Hardhat, NO-Hardhat"
2025-11-03 15:41:26,2,
2025-11-03 15:41:26,3,"NO-Hardhat, NO-Safety Vest"
2025-11-03 15:41:26,4,"NO-Mask, NO-Mask, NO-Mask"
2025-11-03 15:41:26,1,"NO-Hardhat, NO-Mask, NO-Safety Vest"
2025-11-03 15:41:26,1,"NO-Hardhat, NO-Safety Vest"
2025-11-03 15:41:26,2,NO-Hardhat
2025-11-03 15:41:26,3,NO-Safety Vest
2025-11-03 15:41:26,1,"NO-Hardhat, NO-Mask, NO-Safety Vest"
2025-11-03 15:41:26,1,"NO-Hardhat, NO-Hardhat"
2025-11-03 15:41:26,2,NO-Hardhat
2025-11-03 15:41:26,3,"NO-Safety Vest, NO-Safety Vest, NO-Mask, NO-Mask"
2025-11-03 15:41:26,4,
2025-11-03 15:41:26,1,NO-Hardhat
2025-11-03 15:41:26,2,"NO-Safety Vest, NO-Hardhat"
2025-11-03 15:41:26,3,
2025-11-03 15:41:26,1,"NO-Hardhat, NO-Mask, NO-Safety Vest"
2025-11-03 15:41:26,1,NO-Hardhat
2025-11-03 15:41:26,2,"NO-Hardhat, NO-Safety Vest, NO-Safety Vest"
2025-11-03 15:41:26,1,"NO-Hardhat, NO-Mask, NO-Safety Vest"
2025-11-03 15:41:26,1,
2025-11-03 15:41:26,2,"NO-Hardhat, NO-Hardhat, NO-Safety Vest"
2025-11-03 15:41:26,3,NO-Hardhat
2025-11-03 15:41:26,4,"NO-Mask, NO-Hardhat, NO-Safety Vest"
2025-11-03 15:41:26,1,"NO-Hardhat, NO-Mask, NO-Safety Vest"
2025-11-03 15:41:26,1,NO-Hardhat
2025-11-03 15:41:26,2,"NO-Safety Vest, NO-Hardhat"
2025-11-03 15:41:26,3,NO-Mask
2025-11-03 15:41:26,1,"NO-Hardhat, NO-Mask, NO-Safety Vest"
2025-11-03 15:41:26,1,"NO-Hardhat, NO-Safety Vest, NO-Hardhat"
2025-11-03 15:41:26,2,
2025-11-03 15:41:26,1,"NO-Safety Vest, NO-Hardhat"
2025-11-03 15:41:26,2,NO-Hardhat
2025-11-03 15:41:26,3,"NO-Hardhat, NO-Mask, NO-Mask"
2025-11-03 15:41:26,4,"NO-Safety Vest, NO-Mask, NO-Hardhat"
2025-11-03 15:41:26,1,"NO-Hardhat, NO-Mask, NO-Safety Vest"
2025-11-03 15:41:26,1,"NO-Safety Vest, NO-Hardhat"
2025-11-03 15:41:26,2,
2025-11-03 15:41:26,1,"NO-Hardhat, NO-Safety Vest, NO-Hardhat"
2025-11-03 15:41:26,2,NO-Hardhat
2025-11-03 15:41:26,3,"NO-Mask, NO-Mask, NO-Mask"
2025-11-03 15:41:26,1,"NO-Hardhat, NO-Mask, NO-Safety Vest"
2025-11-03 15:41:26,2,
2025-11-03 15:41:26,1,
2025-11-03 15:41:26,2,"NO-Hardhat, NO-Safety Vest, NO-Mask"
2025-11-03 15:41:26,1,"NO-Hardhat, NO-Mask, NO-Safety Vest"
2025-11-03 15:41:26,2,
2025-11-03 15:41:27,1,
2025-11-03 15:41:27,2,"NO-Hardhat, NO-Safety Vest, NO-Mask"
2025-11-03 15:41:27,1,"NO-Hardhat, NO-Safety Vest, NO-Hardhat, NO-Hardhat"
2025-11-03 15:41:27,2,
2025-11-03 15:41:27,3,"NO-Mask, NO-Mask, NO-Mask"
2025-11-03 15:41:27,1,"NO-Hardhat, NO-Mask, NO-Safety Vest"
2025-11-03 15:41:27,2,
2025-11-03 15:41:27,1,"NO-Hardhat, NO-Safety Vest"
2025-11-03 15:41:27,2,
2025-11-03 15:41:27,3,"NO-Mask, NO-Hardhat"
2025-11-03 15:41:27,1,"NO-Hardhat, NO-Mask, NO-Safety Vest"
2025-11-03 15:41:27,2,
2025-11-03 15:41:27,1,"NO-Hardhat, NO-Mask, NO-Safety Vest"
2025-11-03 15:41:27,2,
2025-11-03 15:41:27,1,"NO-Hardhat, NO-Safety Vest, NO-Hardhat, NO-Hardhat"
2025-11-03 15:41:27,2,NO-Mask
2025-11-03 15:41:27,3,"NO-Mask, NO-Mask"
2025-11-03 15:41:27,1,NO-Hardhat
2025-11-03 15:41:27,2,NO-Safety Vest
2025-11-03 15:41:27,3,
2025-11-03 15:41:27,1,"NO-Hardhat, NO-Mask, NO-Safety Vest"
2025-11-03 15:41:27,2,
2025-11-03 15:41:27,1,"NO-Hardhat, NO-Hardhat"
2025-11-03 15:41:27,2,NO-Safety Vest
2025-11-03 15:41:27,3,
2025-11-03 15:41:27,1,"NO-Hardhat, NO-Mask, NO-Safety Vest"
2025-11-03 15:41:27,2,
2025-11-03 15:41:27,1,"NO-Hardhat, NO-Safety Vest, NO-Hardhat, NO-Hardhat"
2025-11-03 15:41:27,2,
2025-11-03 15:41:27,3,"NO-Mask, NO-Mask, NO-Mask"
2025-11-03 15:41:27,4,
2025-11-03 15:41:27,1,NO-Hardhat
2025-11-03 15:41:27,2,NO-Safety Vest
2025-11-03 15:41:27,3,
2025-11-03 15:41:27,1,"NO-Hardhat, NO-Mask, NO-Safety Vest"
2025-11-03 15:41:27,2,
2025-11-03 15:41:27,1,NO-Safety Vest
2025-11-03 15:41:27,2,
2025-11-03 15:41:27,3,NO-Mask
2025-11-03 15:41:27,1,"NO-Hardhat, NO-Hardhat, NO-Hardhat"
2025-11-03 15:41:27,2,
2025-11-03 15:41:27,3,"NO-Mask, NO-Mask"
2025-11-03 15:41:27,4,NO-Mask
2025-11-03 15:41:27,1,"NO-Hardhat, NO-Mask, NO-Safety Vest"
2025-11-03 15:41:27,2,
2025-11-03 15:41:27,1,
2025-11-03 15:41:27,2,
2025-11-03 15:41:27,3,NO-Mask
2025-11-03 15:41:27,1,"NO-Hardhat, NO-Mask, NO-Safety Vest"
2025-11-03 15:41:27,2,
2025-11-03 15:41:27,1,
2025-11-03 15:41:27,2,NO-Mask
2025-11-03 15:41:27,3,
2025-11-03 15:41:27,1,"NO-Hardhat, NO-Mask, NO-Safety Vest"
2025-11-03 15:41:27,2,
2025-11-03 15:41:27,1,"NO-Hardhat, NO-Hardhat, NO-Hardhat"
2025-11-03 15:41:27,2,
2025-11-03 15:41:27,3,"NO-Mask, NO-Mask"
2025-11-03 15:41:27,4,NO-Mask
2025-11-03 15:41:27,1,
2025-11-03 15:41:27,2,NO-Mask
2025-11-03 15:41:27,1,"NO-Hardhat, NO-Mask, NO-Safety Vest"
2025-11-03 15:41:27,2,
2025-11-03 15:41:27,1,NO-Safety Vest
2025-11-03 15:41:27,2,NO-Mask
2025-11-03 15:41:27,1,"NO-Hardhat, NO-Hardhat"
2025-11-03 15:41:27,2,NO-Hardhat
2025-11-03 15:41:27,3,
2025-11-03 15:41:27,4,"NO-Mask, NO-Mask, NO-Mask"
2025-11-03 15:41:27,1,"NO-Hardhat, NO-Mask, NO-Safety Vest"
2025-11-03 15:41:27,2,
2025-11-03 15:41:27,1,NO-Safety Vest
2025-11-03 15:41:27,2,"NO-Mask, NO-Hardhat"
2025-11-03 15:41:27,1,"NO-Hardhat, NO-Mask"
2025-11-03 15:41:27,2,NO-Safety Vest
2025-11-03 15:41:27,1,NO-Hardhat
2025-11-03 15:41:27,2,"NO-Hardhat, NO-Hardhat"
2025-11-03 15:41:27,3,
2025-11-03 15:41:27,4,"NO-Mask, NO-Mask, NO-Mask"
2025-11-03 15:41:27,1,NO-Safety Vest
2025-11-03 15:41:27,2,"NO-Hardhat, NO-Mask"
2025-11-03 15:41:27,1,"NO-Hardhat, NO-Mask, NO-Safety Vest"
2025-11-03 15:41:27,2,
2025-11-03 15:41:27,1,NO-Safety Vest
2025-11-03 15:41:27,2,"NO-Hardhat, NO-Mask"
2025-11-03 15:41:27,1,"NO-Hardhat, NO-Mask, NO-Safety Vest"
2025-11-03 15:41:27,2,
2025-11-03 15:41:27,1,NO-Safety Vest
2025-11-03 15:41:27,2,"NO-Hardhat, NO-Hardhat"
2025-11-03 15:41:27,3,NO-Mask
2025-11-03 15:41:27,4,"NO-Mask, NO-Mask"
2025-11-03 15:41:28,1,"NO-Hardhat, NO-Mask, NO-Safety Vest"
2025-11-03 15:41:28,2,
2025-11-03 15:41:28,1,
2025-11-03 15:41:28,2,"NO-Safety Vest, NO-Hardhat, NO-Mask"
2025-11-03 15:41:28,3,
2025-11-03 15:41:28,1,NO-Hardhat
2025-11-03 15:41:28,2,NO-Hardhat
2025-11-03 15:41:28,3,
2025-11-03 15:41:28,4,"NO-Mask, NO-Mask, NO-Mask"
2025-11-03 15:41:28,1,"NO-Hardhat, NO-Mask, NO-Safety Vest"
2025-11-03 15:41:28,2,
2025-11-03 15:41:28,1,"NO-Hardhat, NO-Mask, NO-Safety Vest"
2025-11-03 15:41:28,2,
2025-11-03 15:41:28,1,NO-Hardhat
2025-11-03 15:41:28,2,"NO-Safety Vest, NO-Hardhat, NO-Mask, NO-Safety Vest"
2025-11-03 15:41:28,1,"NO-Hardhat, NO-Mask, NO-Safety Vest"
2025-11-03 15:41:28,2,
2025-11-03 15:41:28,1,
2025-11-03 15:41:28,2,NO-Hardhat
2025-11-03 15:41:28,3,NO-Mask
2025-11-03 15:41:28,4,"NO-Mask, NO-Mask"
2025-11-03 15:41:28,1,NO-Hardhat
2025-11-03 15:41:28,2,"NO-Safety Vest, NO-Hardhat, NO-Mask, NO-Safety Vest"
2025-11-03 15:41:28,1,"NO-Hardhat, NO-Mask, NO-Safety Vest"
2025-11-03 15:41:28,1,NO-Hardhat
2025-11-03 15:41:28,2,"NO-Safety Vest, NO-Hardhat, NO-Mask"
2025-11-03 15:41:28,3,
2025-11-03 15:41:28,1,NO-Hardhat
2025-11-03 15:41:28,2,
2025-11-03 15:41:28,3,NO-Mask
2025-11-03 15:41:28,4,"NO-Mask, NO-Mask"
2025-11-03 15:41:28,1,"NO-Hardhat, NO-Mask, NO-Safety Vest"
2025-11-03 15:41:28,1,NO-Hardhat
2025-11-03 15:41:28,2,"NO-Safety Vest, NO-Hardhat"
2025-11-03 15:41:28,3,NO-Mask
2025-11-03 15:41:28,1,"NO-Hardhat, NO-Mask, NO-Safety Vest"
2025-11-03 15:41:28,1,"NO-Hardhat, NO-Hardhat"
2025-11-03 15:41:28,2,
2025-11-03 15:41:28,3,
2025-11-03 15:41:28,4,"NO-Mask, NO-Mask, NO-Mask"
2025-11-03 15:41:28,1,"NO-Hardhat, NO-Mask, NO-Safety Vest"
2025-11-03 15:41:28,1,
2025-11-03 15:41:28,2,"NO-Hardhat, NO-Safety Vest"
2025-11-03 15:41:28,3,NO-Hardhat
2025-11-03 15:41:28,1,"NO-Hardhat, NO-Mask"
2025-11-03 15:41:28,1,
2025-11-03 15:41:28,2,"NO-Hardhat, NO-Safety Vest"
2025-11-03 15:41:28,3,NO-Hardhat
2025-11-03 15:41:28,1,
2025-11-03 15:41:28,2,NO-Hardhat
2025-11-03 15:41:28,3,
2025-11-03 15:41:28,4,"NO-Mask, NO-Mask, NO-Mask"
2025-11-03 15:41:28,1,"NO-Hardhat, NO-Mask, NO-Safety Vest"
2025-11-03 15:41:28,1,
2025-11-03 15:41:28,2,"NO-Hardhat, NO-Safety Vest"
2025-11-03 15:41:28,3,NO-Hardhat
2025-11-03 15:41:28,1,"NO-Hardhat, NO-Mask, NO-Safety Vest"
2025-11-03 15:41:28,1,NO-Hardhat
2025-11-03 15:41:28,2,"NO-Safety Vest, NO-Hardhat"
2025-11-03 15:41:28,3,NO-Mask
2025-11-03 15:41:28,4,"NO-Mask, NO-Mask"
2025-11-03 15:41:28,1,
2025-11-03 15:41:28,2,"NO-Hardhat, NO-Safety Vest"
2025-11-03 15:41:28,3,NO-Hardhat
2025-11-03 15:41:28,1,"NO-Hardhat, NO-Safety Vest, NO-Mask"
2025-11-03 15:41:28,1,"NO-Hardhat, NO-Mask, NO-Safety Vest"
2025-11-03 15:41:28,1,
2025-11-03 15:41:28,2,"NO-Hardhat, NO-Safety Vest"
2025-11-03 15:41:28,3,"NO-Hardhat, NO-Hardhat"
2025-11-03 15:41:28,1,"NO-Hardhat, NO-Mask, NO-Safety Vest"
2025-11-03 15:41:28,1,
2025-11-03 15:41:28,2,"NO-Hardhat, NO-Safety Vest, NO-Mask"
2025-11-03 15:41:28,3,"NO-Mask, NO-Mask"
2025-11-03 15:41:28,4,
2025-11-03 15:41:28,1,
2025-11-03 15:41:28,2,"NO-Hardhat, NO-Safety Vest"
2025-11-03 15:41:28,3,
2025-11-03 15:41:29,1,"NO-Hardhat, NO-Safety Vest, NO-Mask"
2025-11-03 15:41:29,1,
2025-11-03 15:41:29,2,"NO-Hardhat, NO-Safety Vest"
2025-11-03 15:41:29,3,
2025-11-03 15:41:29,1,"NO-Hardhat, NO-Safety Vest, NO-Mask"
2025-11-03 15:41:29,1,
2025-11-03 15:41:29,2,"NO-Safety Vest, NO-Hardhat, NO-Hardhat"
2025-11-03 15:41:29,3,"NO-Mask, NO-Mask"
2025-11-03 15:41:29,1,
2025-11-03 15:41:29,2,"NO-Hardhat, NO-Safety Vest"
2025-11-03 15:41:29,3,
2025-11-03 15:41:29,1,"NO-Hardhat, NO-Safety Vest, NO-Mask"
2025-11-03 15:41:29,1,
2025-11-03 15:41:29,2,"NO-Hardhat, NO-Safety Vest"
2025-11-03 15:41:29,3,NO-Hardhat
2025-11-03 15:41:29,1,"NO-Hardhat, NO-Safety Vest, NO-Mask"
2025-11-03 15:41:29,1,"NO-Safety Vest, NO-Hardhat"
2025-11-03 15:41:29,2,"NO-Hardhat, NO-Hardhat"
2025-11-03 15:41:29,3,"NO-Mask, NO-Mask, NO-Safety Vest, NO-Mask"
2025-11-03 15:41:29,1,
2025-11-03 15:41:29,2,NO-Hardhat
2025-11-03 15:41:29,3,"NO-Safety Vest, NO-Hardhat"
2025-11-03 15:41:29,1,"NO-Hardhat, NO-Safety Vest, NO-Mask"
2025-11-03 15:41:29,1,"NO-Hardhat, NO-Safety Vest, NO-Mask"
2025-11-03 15:41:29,1,
2025-11-03 15:41:29,2,
2025-11-03 15:41:29,3,"NO-Hardhat, NO-Safety Vest, NO-Hardhat, NO-Mask, NO-Hardhat"
2025-11-03 15:41:29,1,"NO-Hardhat, NO-Safety Vest, NO-Hardhat"
2025-11-03 15:41:29,2,NO-Hardhat
2025-11-03 15:41:29,3,"NO-Mask, NO-Mask, NO-Safety Vest, NO-Mask"
2025-11-03 15:41:29,4,
2025-11-03 15:41:29,1,"NO-Hardhat, NO-Safety Vest, NO-Mask"
2025-11-03 15:41:29,1,NO-Hardhat
2025-11-03 15:41:29,2,NO-Safety Vest
2025-11-03 15:41:29,3,"NO-Hardhat, NO-Mask, NO-Mask"
2025-11-03 15:41:29,1,"NO-Hardhat, NO-Safety Vest, NO-Mask"
2025-11-03 15:41:29,1,"NO-Hardhat, NO-Hardhat, NO-Safety Vest"
2025-11-03 15:41:29,2,NO-Hardhat
2025-11-03 15:41:29,3,NO-Safety Vest
2025-11-03 15:41:29,4,"NO-Mask, NO-Mask, NO-Mask"
2025-11-03 15:41:29,1,NO-Hardhat
2025-11-03 15:41:29,2,
2025-11-03 15:41:29,3,"NO-Safety Vest, NO-Hardhat, NO-Mask, NO-Mask"
2025-11-03 15:41:29,1,"NO-Hardhat, NO-Safety Vest"
2025-11-03 15:41:29,1,"NO-Hardhat, NO-Safety Vest"
2025-11-03 15:41:29,1,"NO-Hardhat, NO-Hardhat, NO-Safety Vest"
2025-11-03 15:41:29,2,NO-Hardhat
2025-11-03 15:41:29,3,
2025-11-03 15:41:29,4,"NO-Safety Vest, NO-Mask, NO-Mask, NO-Mask"
2025-11-03 15:41:29,1,
2025-11-03 15:41:29,2,NO-Hardhat
2025-11-03 15:41:29,3,"NO-Safety Vest, NO-Hardhat, NO-Mask, NO-Mask"
2025-11-03 15:41:29,1,"NO-Hardhat, NO-Safety Vest"
2025-11-03 15:41:29,1,"NO-Hardhat, NO-Safety Vest"
2025-11-03 15:41:29,1,"NO-Hardhat, NO-Hardhat"
2025-11-03 15:41:29,2,"NO-Hardhat, NO-Safety Vest"
2025-11-03 15:41:29,3,
2025-11-03 15:41:29,4,"NO-Safety Vest, NO-Mask, NO-Mask"
2025-11-03 15:41:29,1,"NO-Hardhat, NO-Safety Vest"
2025-11-03 15:41:29,1,NO-Hardhat
2025-11-03 15:41:29,2,
2025-11-03 15:41:29,3,"NO-Safety Vest, NO-Hardhat, NO-Mask, NO-Mask"
2025-11-03 15:41:29,1,"NO-Hardhat, NO-Safety Vest"
2025-11-03 15:41:29,1,"NO-Hardhat, NO-Safety Vest"
2025-11-03 15:41:29,1,
2025-11-03 15:41:29,2,
2025-11-03 15:41:29,3,"NO-Safety Vest, NO-Hardhat, NO-Mask, NO-Mask, NO-Hardhat"
2025-11-03 15:41:29,1,"NO-Hardhat, NO-Hardhat"
2025-11-03 15:41:29,2,NO-Hardhat
2025-11-03 15:41:29,3,"NO-Safety Vest, NO-Safety Vest"
2025-11-03 15:41:29,4,"NO-Mask, NO-Mask"
2025-11-03 15:41:30,1,"NO-Hardhat, NO-Safety Vest"
2025-11-03 15:41:30,1,"NO-Hardhat, NO-Safety Vest"
2025-11-03 15:41:30,1,
2025-11-03 15:41:30,2,
2025-11-03 15:41:30,3,"NO-Safety Vest, NO-Hardhat, NO-Hardhat, NO-Mask, NO-Mask"
2025-11-03 15:41:30,1,"NO-Hardhat, NO-Hardhat"
2025-11-03 15:41:30,2,NO-Hardhat
2025-11-03 15:41:30,3,"NO-Safety Vest, NO-Safety Vest"
2025-11-03 15:41:30,4,"NO-Mask, NO-Mask"
2025-11-03 15:41:30,1,"NO-Hardhat, NO-Safety Vest"
2025-11-03 15:41:30,1,
2025-11-03 15:41:30,2,
2025-11-03 15:41:30,3,"NO-Safety Vest, NO-Hardhat, NO-Hardhat, NO-Mask"
2025-11-03 15:41:30,1,"NO-Hardhat, NO-Safety Vest"
2025-11-03 15:41:30,1,"NO-Hardhat, NO-Hardhat"
2025-11-03 15:41:30,2,NO-Hardhat
2025-11-03 15:41:30,3,"NO-Safety Vest, NO-Safety Vest"
2025-11-03 15:41:30,4,"NO-Mask, NO-Mask, NO-Safety Vest"
2025-11-03 15:41:30,1,"NO-Hardhat, NO-Safety Vest"
2025-11-03 15:41:30,1,NO-Safety Vest
2025-11-03 15:41:30,2,
2025-11-03 15:41:30,3,"NO-Hardhat, NO-Mask, NO-Hardhat"
2025-11-03 15:41:30,1,"NO-Hardhat, NO-Safety Vest"
2025-11-03 15:41:30,1,NO-Hardhat
2025-11-03 15:41:30,2,"NO-Hardhat, NO-Hardhat"
2025-11-03 15:41:30,3,"NO-Safety Vest, NO-Safety Vest"
2025-11-03 15:41:30,4,"NO-Mask, NO-Mask, NO-Mask"
2025-11-03 15:41:30,1,"NO-Hardhat, NO-Safety Vest"
2025-11-03 15:41:30,1,NO-Safety Vest
2025-11-03 15:41:30,2,
2025-11-03 15:41:30,3,"NO-Hardhat, NO-Mask"
2025-11-03 15:41:30,1,"NO-Hardhat, NO-Safety Vest"
2025-11-03 15:41:30,1,NO-Hardhat
2025-11-03 15:41:30,2,"NO-Hardhat, NO-Hardhat"
2025-11-03 15:41:30,3,"NO-Safety Vest, NO-Safety Vest"
2025-11-03 15:41:30,4,"NO-Mask, NO-Mask, NO-Mask"
2025-11-03 15:41:30,1,"NO-Hardhat, NO-Safety Vest"
2025-11-03 15:41:30,1,NO-Safety Vest
2025-11-03 15:41:30,2,
2025-11-03 15:41:30,3,"NO-Hardhat, NO-Hardhat, NO-Mask"
2025-11-03 15:41:30,1,"NO-Hardhat, NO-Safety Vest"
2025-11-03 15:41:30,1,NO-Safety Vest
2025-11-03 15:41:30,2,
2025-11-03 15:41:30,3,NO-Hardhat
2025-11-03 15:41:30,1,"NO-Hardhat, NO-Safety Vest"
2025-11-03 15:41:30,1,NO-Hardhat
2025-11-03 15:41:30,2,NO-Hardhat
2025-11-03 15:41:30,3,"NO-Hardhat, NO-Safety Vest, NO-Safety Vest"
2025-11-03 15:41:30,4,"NO-Mask, NO-Mask, NO-Safety Vest"
2025-11-03 15:41:30,1,NO-Safety Vest
2025-11-03 15:41:30,2,
2025-11-03 15:41:30,3,NO-Hardhat
2025-11-03 15:41:30,1,"NO-Hardhat, NO-Safety Vest"
2025-11-03 15:41:30,1,"NO-Hardhat, NO-Safety Vest"
2025-11-03 15:41:30,1,
2025-11-03 15:41:30,2,
2025-11-03 15:41:30,3,NO-Hardhat
2025-11-03 15:41:30,1,NO-Hardhat
2025-11-03 15:41:30,2,NO-Hardhat
2025-11-03 15:41:30,3,"NO-Safety Vest, NO-Hardhat, NO-Safety Vest"
2025-11-03 15:41:30,4,"NO-Mask, NO-Mask"
2025-11-03 15:41:30,1,"NO-Hardhat, NO-Safety Vest"
2025-11-03 15:41:30,1,NO-Safety Vest
2025-11-03 15:41:30,2,
2025-11-03 15:41:30,3,NO-Hardhat
2025-11-03 15:41:30,1,"NO-Hardhat, NO-Safety Vest"
2025-11-03 15:41:30,2,
2025-11-03 15:41:30,1,"NO-Hardhat, NO-Safety Vest"
2025-11-03 15:41:30,2,
2025-11-03 15:41:30,1,NO-Hardhat
2025-11-03 15:41:30,2,"NO-Safety Vest, NO-Hardhat"
2025-11-03 15:41:30,3,NO-Hardhat
2025-11-03 15:41:30,4,"NO-Mask, NO-Safety Vest, NO-Mask"
2025-11-03 15:41:30,1,NO-Hardhat
2025-11-03 15:41:30,2,
2025-11-03 15:41:30,3,"NO-Safety Vest, NO-Hardhat"
2025-11-03 15:41:30,1,"NO-Hardhat, NO-Safety Vest"
2025-11-03 15:41:30,2,
2025-11-03 15:41:31,1,"NO-Hardhat, NO-Safety Vest, NO-Mask"
2025-11-03 15:41:31,1,NO-Hardhat
2025-11-03 15:41:31,2,
2025-11-03 15:41:31,3,"NO-Safety Vest, NO-Hardhat"
2025-11-03 15:41:31,1,"NO-Hardhat, NO-Safety Vest"
2025-11-03 15:41:31,2,NO-Hardhat
2025-11-03 15:41:31,3,NO-Hardhat
2025-11-03 15:41:31,4,"NO-Mask, NO-Safety Vest, NO-Mask"
2025-11-03 15:41:31,1,"NO-Hardhat, NO-Safety Vest, NO-Mask"
2025-11-03 15:41:31,1,
2025-11-03 15:41:31,2,NO-Hardhat
2025-11-03 15:41:31,3,"NO-Safety Vest, NO-Hardhat, NO-Hardhat, NO-Mask"
2025-11-03 15:41:31,1,"NO-Hardhat, NO-Safety Vest, NO-Mask"
2025-11-03 15:41:31,1,"NO-Hardhat, NO-Safety Vest"
2025-11-03 15:41:31,2,NO-Hardhat
2025-11-03 15:41:31,3,NO-Hardhat
2025-11-03 15:41:31,4,"NO-Mask, NO-Mask, NO-Safety Vest"
2025-11-03 15:41:31,1,
2025-11-03 15:41:31,2,NO-Hardhat
2025-11-03 15:41:31,3,"NO-Safety Vest, NO-Hardhat, NO-Hardhat, NO-Safety Vest"
2025-11-03 15:41:31,1,"NO-Hardhat, NO-Safety Vest, NO-Mask"
2025-11-03 15:41:31,1,NO-Hardhat
2025-11-03 15:41:31,2,"NO-Safety Vest, NO-Hardhat"
2025-11-03 15:41:31,3,NO-Hardhat
2025-11-03 15:41:31,4,"NO-Mask, NO-Mask"
2025-11-03 15:41:31,1,"NO-Hardhat, NO-Safety Vest, NO-Mask"
2025-11-03 15:41:31,1,
2025-11-03 15:41:31,2,"NO-Hardhat, NO-Hardhat, NO-Safety Vest"
2025-11-03 15:41:31,3,"NO-Safety Vest, NO-Hardhat, NO-Hardhat"
2025-11-03 15:41:31,1,"NO-Hardhat, NO-Hardhat"
2025-11-03 15:41:31,2,"NO-Safety Vest, NO-Hardhat"
2025-11-03 15:41:31,3,NO-Mask
2025-11-03 15:41:31,4,NO-Mask
2025-11-03 15:41:31,1,"NO-Hardhat, NO-Safety Vest, NO-Mask"
2025-11-03 15:41:31,1,"NO-Hardhat, NO-Safety Vest, NO-Mask"
2025-11-03 15:41:31,1,
2025-11-03 15:41:31,2,NO-Hardhat
2025-11-03 15:41:31,3,"NO-Safety Vest, NO-Hardhat, NO-Safety Vest, NO-Hardhat"
2025-11-03 15:41:31,1,"NO-Hardhat, NO-Hardhat, NO-Safety Vest"
2025-11-03 15:41:31,2,NO-Hardhat
2025-11-03 15:41:31,3,"NO-Mask, NO-Safety Vest"
2025-11-03 15:41:31,4,NO-Mask
2025-11-03 15:41:31,1,"NO-Hardhat, NO-Safety Vest, NO-Mask"
2025-11-03 15:41:31,1,"NO-Hardhat, NO-Safety Vest, NO-Mask"
2025-11-03 15:41:31,1,
2025-11-03 15:41:31,2,NO-Hardhat
2025-11-03 15:41:31,3,"NO-Safety Vest, NO-Hardhat, NO-Hardhat, NO-Safety Vest"
2025-11-03 15:41:31,1,"NO-Hardhat, NO-Safety Vest"
2025-11-03 15:41:31,2,"NO-Hardhat, NO-Hardhat, NO-Mask"
2025-11-03 15:41:31,3,
2025-11-03 15:41:31,1,"NO-Hardhat, NO-Safety Vest, NO-Mask"
2025-11-03 15:41:31,1,"NO-Hardhat, NO-Safety Vest, NO-Mask"
2025-11-03 15:41:31,1,
2025-11-03 15:41:31,2,NO-Hardhat
2025-11-03 15:41:31,3,"NO-Safety Vest, NO-Hardhat, NO-Hardhat"
2025-11-03 15:41:31,1,NO-Hardhat
2025-11-03 15:41:31,2,"NO-Safety Vest, NO-Hardhat, NO-Hardhat, NO-Mask"
2025-11-03 15:41:31,3,
2025-11-03 15:41:31,4,"NO-Safety Vest, NO-Mask"
2025-11-03 15:41:31,1,"NO-Hardhat, NO-Safety Vest"
2025-11-03 15:41:31,2,NO-Mask
2025-11-03 15:41:31,1,
2025-11-03 15:41:31,2,NO-Hardhat
2025-11-03 15:41:31,3,"NO-Safety Vest, NO-Hardhat, NO-Safety Vest"
2025-11-03 15:41:31,1,"NO-Safety Vest, NO-Hardhat, NO-Hardhat"
2025-11-03 15:41:31,2,NO-Hardhat
2025-11-03 15:41:31,3,"NO-Mask, NO-Safety Vest, NO-Mask"
2025-11-03 15:41:31,1,NO-Hardhat
2025-11-03 15:41:31,2,NO-Safety Vest
2025-11-03 15:41:31,3,
2025-11-03 15:41:31,1,"NO-Hardhat, NO-Safety Vest"
2025-11-03 15:41:31,2,NO-Mask
2025-11-03 15:41:31,1,"NO-Hardhat, NO-Safety Vest"
2025-11-03 15:41:31,2,NO-Mask
2025-11-03 15:41:31,1,"NO-Hardhat, NO-Safety Vest"
2025-11-03 15:41:31,2,NO-Hardhat
2025-11-03 15:41:31,3,NO-Hardhat
2025-11-03 15:41:31,1,"NO-Hardhat, NO-Safety Vest, NO-Hardhat"
2025-11-03 15:41:31,2,"NO-Hardhat, NO-Mask"
2025-11-03 15:41:31,3,"NO-Safety Vest, NO-Mask"
2025-11-03 15:41:32,1,"NO-Hardhat, NO-Safety Vest"
2025-11-03 15:41:32,2,NO-Mask
2025-11-03 15:41:32,1,"NO-Hardhat, NO-Safety Vest"
2025-11-03 15:41:32,2,
2025-11-03 15:41:32,3,"NO-Hardhat, NO-Hardhat"
2025-11-03 15:41:32,1,"NO-Hardhat, NO-Safety Vest"
2025-11-03 15:41:32,2,NO-Mask
2025-11-03 15:41:32,1,NO-Hardhat
2025-11-03 15:41:32,2,"NO-Hardhat, NO-Safety Vest, NO-Hardhat, NO-Mask"
2025-11-03 15:41:32,3,"NO-Safety Vest, NO-Mask"
2025-11-03 15:41:32,4,
2025-11-03 15:41:32,1,"NO-Hardhat, NO-Safety Vest"
2025-11-03 15:41:32,2,NO-Mask
2025-11-03 15:41:32,1,
2025-11-03 15:41:32,2,"NO-Hardhat, NO-Safety Vest"
2025-11-03 15:41:32,3,"NO-Hardhat, NO-Hardhat"
2025-11-03 15:41:32,1,"NO-Hardhat, NO-Safety Vest"
2025-11-03 15:41:32,2,
2025-11-03 15:41:32,1,"NO-Hardhat, NO-Hardhat"
2025-11-03 15:41:32,2,"NO-Safety Vest, NO-Hardhat"
2025-11-03 15:41:32,3,"NO-Safety Vest, NO-Mask"
2025-11-03 15:41:32,4,NO-Mask
2025-11-03 15:41:32,1,NO-Hardhat
2025-11-03 15:41:32,2,"NO-Safety Vest, NO-Hardhat"
2025-11-03 15:41:32,3,NO-Hardhat
2025-11-03 15:41:32,1,"NO-Hardhat, NO-Safety Vest"
2025-11-03 15:41:32,2,
2025-11-03 15:41:32,1,
2025-11-03 15:41:32,2,"NO-Hardhat, NO-Safety Vest"
2025-11-03 15:41:32,3,
2025-11-03 15:41:32,1,"NO-Hardhat, NO-Safety Vest"
2025-11-03 15:41:32,2,NO-Mask
2025-11-03 15:41:32,1,"NO-Hardhat, NO-Hardhat"
2025-11-03 15:41:32,2,"NO-Safety Vest, NO-Hardhat, NO-Safety Vest"
2025-11-03 15:41:32,3,"NO-Mask, NO-Safety Vest, NO-Mask"
2025-11-03 15:41:32,4,
2025-11-03 15:41:32,1,NO-Hardhat
2025-11-03 15:41:32,2,NO-Safety Vest
2025-11-03 15:41:32,3,
2025-11-03 15:41:32,1,"NO-Hardhat, NO-Safety Vest"
2025-11-03 15:41:32,2,NO-Mask
2025-11-03 15:41:32,1,"NO-Hardhat, NO-Safety Vest"
2025-11-03 15:41:32,2,
2025-11-03 15:41:32,1,"NO-Hardhat, NO-Hardhat"
2025-11-03 15:41:32,2,"NO-Safety Vest, NO-Hardhat, NO-Safety Vest, NO-Mask"
2025-11-03 15:41:32,3,
2025-11-03 15:41:32,4,"NO-Mask, NO-Safety Vest"
2025-11-03 15:41:32,1,"NO-Hardhat, NO-Safety Vest"
2025-11-03 15:41:32,2,NO-Mask
2025-11-03 15:41:32,1,NO-Safety Vest
2025-11-03 15:41:32,2,
2025-11-03 15:41:32,1,"NO-Hardhat, NO-Safety Vest"
2025-11-03 15:41:32,2,NO-Mask
2025-11-03 15:41:32,1,"NO-Safety Vest, NO-Hardhat"
2025-11-03 15:41:32,1,"NO-Hardhat, NO-Hardhat"
2025-11-03 15:41:32,2,"NO-Safety Vest, NO-Hardhat, NO-Safety Vest"
2025-11-03 15:41:32,3,
2025-11-03 15:41:32,4,"NO-Mask, NO-Mask, NO-Safety Vest"
2025-11-03 15:41:32,1,"NO-Hardhat, NO-Safety Vest"
2025-11-03 15:41:32,2,NO-Mask
2025-11-03 15:41:32,1,"NO-Safety Vest, NO-Hardhat"
2025-11-03 15:41:32,1,"NO-Hardhat, NO-Safety Vest, NO-Mask"
2025-11-03 15:41:32,2,
2025-11-03 15:41:32,1,"NO-Hardhat, NO-Safety Vest"
2025-11-03 15:41:32,1,"NO-Hardhat, NO-Hardhat"
2025-11-03 15:41:32,2,"NO-Hardhat, NO-Safety Vest"
2025-11-03 15:41:32,3,NO-Safety Vest
2025-11-03 15:41:32,4,"NO-Mask, NO-Mask, NO-Safety Vest"
2025-11-03 15:41:32,1,"NO-Hardhat, NO-Safety Vest, NO-Mask"
2025-11-03 15:41:32,2,
2025-11-03 15:41:32,1,"NO-Hardhat, NO-Safety Vest"
2025-11-03 15:41:32,1,"NO-Hardhat, NO-Safety Vest, NO-Mask"
2025-11-03 15:41:32,2,
2025-11-03 15:41:32,1,"NO-Hardhat, NO-Hardhat"
2025-11-03 15:41:32,2,"NO-Safety Vest, NO-Safety Vest, NO-Hardhat"
2025-11-03 15:41:32,3,
2025-11-03 15:41:32,4,"NO-Mask, NO-Mask"
2025-11-03 15:41:32,1,"NO-Hardhat, NO-Safety Vest"
2025-11-03 15:41:32,1,"NO-Hardhat, NO-Safety Vest, NO-Mask"
2025-11-03 15:41:32,2,
2025-11-03 15:41:32,1,
2025-11-03 15:41:32,2,NO-Safety Vest
2025-11-03 15:41:32,3,
2025-11-03 15:41:33,1,"NO-Hardhat, NO-Safety Vest"
2025-11-03 15:41:33,2,NO-Mask
2025-11-03 15:41:33,1,NO-Hardhat
2025-11-03 15:41:33,2,
2025-11-03 15:41:33,1,"NO-Hardhat, NO-Hardhat"
2025-11-03 15:41:33,2,"NO-Hardhat, NO-Safety Vest"
2025-11-03 15:41:33,3,NO-Safety Vest
2025-11-03 15:41:33,4,"NO-Mask, NO-Mask, NO-Safety Vest"
2025-11-03 15:41:33,1,"NO-Hardhat, NO-Safety Vest"
2025-11-03 15:41:33,2,NO-Mask
2025-11-03 15:41:33,1,
2025-11-03 15:41:33,2,NO-Hardhat
2025-11-03 15:41:33,3,
2025-11-03 15:41:33,1,"NO-Hardhat, NO-Safety Vest"
2025-11-03 15:41:33,2,NO-Mask
2025-11-03 15:41:33,1,
2025-11-03 15:41:33,2,NO-Hardhat
2025-11-03 15:41:33,3,
2025-11-03 15:41:33,1,"NO-Hardhat, NO-Hardhat"
2025-11-03 15:41:33,2,NO-Hardhat
2025-11-03 15:41:33,3,NO-Safety Vest
2025-11-03 15:41:33,4,"NO-Safety Vest, NO-Safety Vest, NO-Mask, NO-Mask"
2025-11-03 15:41:33,1,"NO-Hardhat, NO-Safety Vest, NO-Mask"
2025-11-03 15:41:33,2,
2025-11-03 15:41:33,1,
2025-11-03 15:41:33,2,"NO-Safety Vest, NO-Hardhat"
2025-11-03 15:41:33,3,
2025-11-03 15:41:33,1,"NO-Hardhat, NO-Safety Vest, NO-Mask"
2025-11-03 15:41:33,2,
2025-11-03 15:41:33,1,"NO-Hardhat, NO-Hardhat"
2025-11-03 15:41:33,2,"NO-Safety Vest, NO-Hardhat"
2025-11-03 15:41:33,3,NO-Safety Vest
2025-11-03 15:41:33,4,"NO-Mask, NO-Mask, NO-Mask"
2025-11-03 15:41:33,1,
2025-11-03 15:41:33,2,"NO-Safety Vest, NO-Safety Vest"
2025-11-03 15:41:33,1,"NO-Hardhat, NO-Safety Vest, NO-Mask"
2025-11-03 15:41:33,2,
2025-11-03 15:41:33,1,"NO-Hardhat, NO-Safety Vest, NO-Mask"
2025-11-03 15:41:33,2,
2025-11-03 15:41:33,1,NO-Safety Vest
2025-11-03 15:41:33,2,
2025-11-03 15:41:33,3,NO-Safety Vest
2025-11-03 15:41:33,1,"NO-Hardhat, NO-Hardhat, NO-Safety Vest"
2025-11-03 15:41:33,2,NO-Hardhat
2025-11-03 15:41:33,3,NO-Safety Vest
2025-11-03 15:41:33,4,"NO-Mask, NO-Mask, NO-Mask"
2025-11-03 15:41:33,1,"NO-Hardhat, NO-Safety Vest, NO-Mask"
2025-11-03 15:41:33,2,
2025-11-03 15:41:33,1,
2025-11-03 15:41:33,2,NO-Safety Vest
2025-11-03 15:41:33,3,
2025-11-03 15:41:33,1,"NO-Hardhat, NO-Safety Vest, NO-Mask"
2025-11-03 15:41:33,2,
2025-11-03 15:41:33,1,NO-Hardhat
2025-11-03 15:41:33,2,
2025-11-03 15:41:33,1,"NO-Hardhat, NO-Safety Vest, NO-Hardhat, NO-Safety Vest"
2025-11-03 15:41:33,2,NO-Hardhat
2025-11-03 15:41:33,3,NO-Mask
2025-11-03 15:41:33,4,"NO-Mask, NO-Mask"
2025-11-03 15:41:33,1,"NO-Hardhat, NO-Safety Vest, NO-Mask"
2025-11-03 15:41:33,2,
2025-11-03 15:41:33,1,
2025-11-03 15:41:33,2,NO-Safety Vest
2025-11-03 15:41:33,1,"NO-Hardhat, NO-Safety Vest, NO-Mask"
2025-11-03 15:41:33,2,
2025-11-03 15:41:33,1,
2025-11-03 15:41:33,2,"NO-Safety Vest, NO-Safety Vest"
2025-11-03 15:41:33,1,"NO-Hardhat, NO-Safety Vest, NO-Hardhat, NO-Hardhat"
2025-11-03 15:41:33,2,
2025-11-03 15:41:33,3,"NO-Mask, NO-Safety Vest"
2025-11-03 15:41:33,4,NO-Mask
2025-11-03 15:41:33,1,"NO-Hardhat, NO-Safety Vest, NO-Mask"
2025-11-03 15:41:33,2,
2025-11-03 15:41:33,1,
2025-11-03 15:41:33,2,NO-Safety Vest
2025-11-03 15:41:33,1,"NO-Hardhat, NO-Safety Vest, NO-Mask"
2025-11-03 15:41:33,2,
2025-11-03 15:41:33,1,"NO-Hardhat, NO-Safety Vest, NO-Mask"
2025-11-03 15:41:33,2,
2025-11-03 15:41:33,1,"NO-Hardhat, NO-Hardhat, NO-Safety Vest"
2025-11-03 15:41:33,2,
2025-11-03 15:41:33,3,"NO-Hardhat, NO-Mask"
2025-11-03 15:41:33,4,"NO-Safety Vest, NO-Mask, NO-Mask"
2025-11-03 15:41:33,1,
2025-11-03 15:41:33,2,NO-Safety Vest
2025-11-03 15:41:34,1,"NO-Hardhat, NO-Safety Vest, NO-Mask"
2025-11-03 15:41:34,2,
2025-11-03 15:41:34,1,
2025-11-03 15:41:34,2,"NO-Safety Vest, NO-Safety Vest"
2025-11-03 15:41:34,1,"NO-Hardhat, NO-Safety Vest, NO-Hardhat"
2025-11-03 15:41:34,2,
2025-11-03 15:41:34,3,"NO-Mask, NO-Hardhat"
2025-11-03 15:41:34,4,"NO-Safety Vest, NO-Mask"
2025-11-03 15:41:34,1,"NO-Hardhat, NO-Safety Vest, NO-Mask"
2025-11-03 15:41:34,2,
2025-11-03 15:41:34,1,
2025-11-03 15:41:34,2,"NO-Safety Vest, NO-Safety Vest, NO-Hardhat, NO-Mask"
2025-11-03 15:41:34,1,"NO-Hardhat, NO-Safety Vest, NO-Mask"
2025-11-03 15:41:34,2,
2025-11-03 15:41:34,1,"NO-Hardhat, NO-Safety Vest, NO-Hardhat"
2025-11-03 15:41:34,2,
2025-11-03 15:41:34,3,"NO-Mask, NO-Hardhat"
2025-11-03 15:41:34,4,"NO-Mask, NO-Safety Vest"
2025-11-03 15:41:34,1,"NO-Hardhat, NO-Safety Vest, NO-Mask"
2025-11-03 15:41:34,1,"NO-Hardhat, NO-Safety Vest, NO-Mask"
2025-11-03 15:41:34,1,NO-Hardhat
2025-11-03 15:41:34,2,"NO-Safety Vest, NO-Hardhat, NO-Mask, NO-Safety Vest"
2025-11-03 15:41:34,1,"NO-Hardhat, NO-Safety Vest, NO-Hardhat"
2025-11-03 15:41:34,2,"NO-Mask, NO-Hardhat"
2025-11-03 15:41:34,3,
2025-11-03 15:41:34,4,"NO-Mask, NO-Safety Vest"
2025-11-03 15:41:34,1,"NO-Hardhat, NO-Safety Vest, NO-Mask"
2025-11-03 15:41:34,1,
2025-11-03 15:41:34,2,"NO-Hardhat, NO-Safety Vest, NO-Safety Vest, NO-Mask"
2025-11-03 15:41:34,3,
2025-11-03 15:41:34,1,"NO-Hardhat, NO-Safety Vest, NO-Hardhat"
2025-11-03 15:41:34,2,"NO-Mask, NO-Hardhat"
2025-11-03 15:41:34,3,
2025-11-03 15:41:34,4,"NO-Mask, NO-Safety Vest"
2025-11-03 15:41:34,1,"NO-Hardhat, NO-Safety Vest, NO-Mask"
2025-11-03 15:41:34,1,"NO-Hardhat, NO-Safety Vest, NO-Mask"
2025-11-03 15:41:34,2,
2025-11-03 15:41:34,1,"NO-Hardhat, NO-Safety Vest, NO-Hardhat"
2025-11-03 15:41:34,2,"NO-Mask, NO-Hardhat"
2025-11-03 15:41:34,3,NO-Safety Vest
2025-11-03 15:41:34,4,NO-Hardhat
2025-11-03 15:41:34,1,
2025-11-03 15:41:34,2,"NO-Safety Vest, NO-Hardhat, NO-Safety Vest, NO-Mask"
2025-11-03 15:41:34,3,
2025-11-03 15:41:34,1,"NO-Hardhat, NO-Mask, NO-Safety Vest"
2025-11-03 15:41:34,1,"NO-Hardhat, NO-Safety Vest, NO-Mask"
2025-11-03 15:41:34,1,
2025-11-03 15:41:34,2,"NO-Safety Vest, NO-Safety Vest, NO-Hardhat, NO-Mask"
2025-11-03 15:41:34,3,
2025-11-03 15:41:34,1,"NO-Hardhat, NO-Safety Vest, NO-Hardhat"
2025-11-03 15:41:34,2,"NO-Mask, NO-Safety Vest, NO-Hardhat"
2025-11-03 15:41:34,3,"NO-Mask, NO-Hardhat"
2025-11-03 15:41:34,4,
2025-11-03 15:41:34,1,"NO-Hardhat, NO-Safety Vest, NO-Mask"
2025-11-03 15:41:34,1,
2025-11-03 15:41:34,2,"NO-Safety Vest, NO-Safety Vest"
2025-11-03 15:41:34,3,NO-Hardhat
2025-11-03 15:41:34,1,"NO-Hardhat, NO-Safety Vest, NO-Mask"
2025-11-03 15:41:34,1,"NO-Safety Vest, NO-Hardhat, NO-Hardhat"
2025-11-03 15:41:34,2,"NO-Mask, NO-Safety Vest, NO-Hardhat, NO-Mask"
2025-11-03 15:41:34,3,
2025-11-03 15:41:34,4,NO-Hardhat
2025-11-03 15:41:34,1,"NO-Hardhat, NO-Safety Vest, NO-Mask"
2025-11-03 15:41:34,1,
2025-11-03 15:41:34,2,"NO-Safety Vest, NO-Safety Vest"
2025-11-03 15:41:34,1,"NO-Hardhat, NO-Safety Vest, NO-Mask"
2025-11-03 15:41:34,1,"NO-Hardhat, NO-Safety Vest, NO-Mask"
2025-11-03 15:41:34,1,"NO-Hardhat, NO-Safety Vest"
2025-11-03 15:41:34,2,"NO-Safety Vest, NO-Hardhat, NO-Mask, NO-Hardhat, NO-Mask"
2025-11-03 15:41:34,3,
2025-11-03 15:41:34,4,NO-Hardhat
2025-11-03 15:41:34,1,
2025-11-03 15:41:34,2,"NO-Safety Vest, NO-Safety Vest, NO-Mask"
2025-11-03 15:41:35,1,"NO-Hardhat, NO-Safety Vest, NO-Mask"
2025-11-03 15:41:35,1,
2025-11-03 15:41:35,2,"NO-Safety Vest, NO-Safety Vest"
2025-11-03 15:41:35,3,NO-Mask
2025-11-03 15:41:35,1,"NO-Hardhat, NO-Safety Vest, NO-Safety Vest"
2025-11-03 15:41:35,2,"NO-Hardhat, NO-Mask, NO-Hardhat"
2025-11-03 15:41:35,3,
2025-11-03 15:41:35,4,"NO-Mask, NO-Mask, NO-Hardhat"
2025-11-03 15:41:35,1,"NO-Hardhat, NO-Safety Vest, NO-Mask"
2025-11-03 15:41:35,1,
2025-11-03 15:41:35,2,"NO-Safety Vest, NO-Safety Vest"
2025-11-03 15:41:35,3,NO-Mask
2025-11-03 15:41:35,1,"NO-Hardhat, NO-Safety Vest, NO-Mask"
2025-11-03 15:41:35,1,"NO-Hardhat, NO-Safety Vest, NO-Hardhat, NO-Safety Vest"
2025-11-03 15:41:35,2,"NO-Mask, NO-Hardhat"
2025-11-03 15:41:35,3,NO-Mask
2025-11-03 15:41:35,4,"NO-Hardhat, NO-Mask"
2025-11-03 15:41:35,1,"NO-Hardhat, NO-Safety Vest, NO-Mask"
2025-11-03 15:41:35,1,NO-Safety Vest
2025-11-03 15:41:35,2,"NO-Safety Vest, NO-Mask"
2025-11-03 15:41:35,1,"NO-Hardhat, NO-Safety Vest, NO-Mask"
2025-11-03 15:41:35,1,
2025-11-03 15:41:35,2,"NO-Safety Vest, NO-Safety Vest, NO-Mask"
2025-11-03 15:41:35,1,"NO-Hardhat, NO-Mask, NO-Safety Vest"
2025-11-03 15:41:35,1,"NO-Hardhat, NO-Safety Vest"
2025-11-03 15:41:35,2,"NO-Hardhat, NO-Mask, NO-Hardhat, NO-Safety Vest, NO-Mask"
2025-11-03 15:41:35,3,
2025-11-03 15:41:35,4,"NO-Hardhat, NO-Mask"
2025-11-03 15:41:35,1,
2025-11-03 15:41:35,2,"NO-Safety Vest, NO-Mask, NO-Safety Vest"
2025-11-03 15:41:35,1,"NO-Hardhat, NO-Mask, NO-Safety Vest"
2025-11-03 15:41:35,1,"NO-Hardhat, NO-Safety Vest"
2025-11-03 15:41:35,2,"NO-Mask, NO-Hardhat, NO-Hardhat, NO-Safety Vest"
2025-11-03 15:41:35,3,"NO-Mask, NO-Mask"
2025-11-03 15:41:35,4,NO-Hardhat
2025-11-03 15:41:35,1,"NO-Hardhat, NO-Mask, NO-Safety Vest"
2025-11-03 15:41:35,1,
2025-11-03 15:41:35,2,"NO-Safety Vest, NO-Mask, NO-Safety Vest"
2025-11-03 15:41:35,1,"NO-Hardhat, NO-Mask, NO-Safety Vest"
2025-11-03 15:41:35,1,
2025-11-03 15:41:35,2,"NO-Safety Vest, NO-Mask"
2025-11-03 15:41:35,1,"NO-Hardhat, NO-Mask, NO-Safety Vest"
2025-11-03 15:41:35,1,"NO-Hardhat, NO-Safety Vest, NO-Mask"
2025-11-03 15:41:35,2,"NO-Hardhat, NO-Hardhat, NO-Safety Vest"
2025-11-03 15:41:35,3,"NO-Mask, NO-Mask"
2025-11-03 15:41:35,4,NO-Hardhat
2025-11-03 15:41:35,1,
2025-11-03 15:41:35,2,"NO-Safety Vest, NO-Mask"
2025-11-03 15:41:35,1,"NO-Hardhat, NO-Mask, NO-Safety Vest"
2025-11-03 15:41:35,1,"NO-Hardhat, NO-Mask, NO-Safety Vest"
2025-11-03 15:41:35,1,
2025-11-03 15:41:35,2,"NO-Safety Vest, NO-Mask"
2025-11-03 15:41:35,1,"NO-Safety Vest, NO-Hardhat, NO-Mask"
2025-11-03 15:41:35,2,"NO-Hardhat, NO-Hardhat, NO-Safety Vest"
2025-11-03 15:41:35,3,
2025-11-03 15:41:35,4,"NO-Mask, NO-Mask, NO-Hardhat"
2025-11-03 15:41:35,1,"NO-Hardhat, NO-Mask, NO-Safety Vest"
2025-11-03 15:41:35,2,
2025-11-03 15:41:35,1,
2025-11-03 15:41:35,2,"NO-Safety Vest, NO-Mask"
2025-11-03 15:41:36,1,"NO-Hardhat, NO-Mask, NO-Safety Vest"
2025-11-03 15:41:36,2,
2025-11-03 15:41:36,1,"NO-Hardhat, NO-Mask, NO-Safety Vest"
2025-11-03 15:41:36,1,
2025-11-03 15:41:36,2,"NO-Safety Vest, NO-Mask"
2025-11-03 15:41:36,1,"NO-Hardhat, NO-Mask"
2025-11-03 15:41:36,2,"NO-Hardhat, NO-Hardhat"
2025-11-03 15:41:36,3,NO-Safety Vest
2025-11-03 15:41:36,4,"NO-Mask, NO-Mask, NO-Hardhat"
2025-11-03 15:41:36,1,"NO-Hardhat, NO-Mask, NO-Safety Vest"
2025-11-03 15:41:36,1,NO-Safety Vest
2025-11-03 15:41:36,2,NO-Mask
2025-11-03 15:41:36,1,"NO-Hardhat, NO-Mask, NO-Safety Vest"
2025-11-03 15:41:36,1,NO-Mask
2025-11-03 15:41:36,2,"NO-Hardhat, NO-Hardhat, NO-Safety Vest"
2025-11-03 15:41:36,3,
2025-11-03 15:41:36,4,"NO-Mask, NO-Mask, NO-Hardhat"
2025-11-03 15:41:36,1,
2025-11-03 15:41:36,2,
2025-11-03 15:41:36,3,"NO-Safety Vest, NO-Mask"
2025-11-03 15:41:36,1,"NO-Hardhat, NO-Mask, NO-Safety Vest"
2025-11-03 15:41:36,1,"NO-Hardhat, NO-Safety Vest, NO-Mask"
2025-11-03 15:41:36,1,NO-Hardhat
2025-11-03 15:41:36,2,
2025-11-03 15:41:36,3,"NO-Hardhat, NO-Safety Vest, NO-Mask"
2025-11-03 15:41:36,1,NO-Safety Vest
2025-11-03 15:41:36,2,"NO-Mask, NO-Hardhat, NO-Hardhat"
2025-11-03 15:41:36,3,NO-Safety Vest
2025-11-03 15:41:36,4,"NO-Mask, NO-Mask, NO-Hardhat"
2025-11-03 15:41:36,1,"NO-Hardhat, NO-Safety Vest, NO-Mask"
2025-11-03 15:41:36,1,"NO-Hardhat, NO-Safety Vest, NO-Mask"
2025-11-03 15:41:36,1,NO-Hardhat
2025-11-03 15:41:36,2,
2025-11-03 15:41:36,3,"NO-Safety Vest, NO-Hardhat, NO-Mask"
2025-11-03 15:41:36,1,"NO-Hardhat, NO-Safety Vest, NO-Mask"
2025-11-03 15:41:36,1,
2025-11-03 15:41:36,2,"NO-Mask, NO-Hardhat"
2025-11-03 15:41:36,3,"NO-Hardhat, NO-Safety Vest"
2025-11-03 15:41:36,4,"NO-Mask, NO-Mask, NO-Hardhat"
2025-11-03 15:41:36,1,"NO-Hardhat, NO-Safety Vest, NO-Mask"
2025-11-03 15:41:36,1,NO-Hardhat
2025-11-03 15:41:36,2,
2025-11-03 15:41:36,3,"NO-Safety Vest, NO-Hardhat, NO-Mask"
2025-11-03 15:41:36,1,"NO-Hardhat, NO-Safety Vest, NO-Mask"
2025-11-03 15:41:36,1,NO-Hardhat
2025-11-03 15:41:36,2,
2025-11-03 15:41:36,3,"NO-Safety Vest, NO-Mask"
2025-11-03 15:41:36,1,
2025-11-03 15:41:36,2,NO-Mask
2025-11-03 15:41:36,3,"NO-Safety Vest, NO-Hardhat, NO-Hardhat"
2025-11-03 15:41:36,4,"NO-Mask, NO-Mask"
2025-11-03 15:41:36,1,"NO-Hardhat, NO-Safety Vest, NO-Mask"
2025-11-03 15:41:36,1,"NO-Hardhat, NO-Safety Vest, NO-Mask"
2025-11-03 15:41:36,1,
2025-11-03 15:41:36,2,
2025-11-03 15:41:36,3,"NO-Safety Vest, NO-Mask, NO-Hardhat"
2025-11-03 15:41:36,1,"NO-Hardhat, NO-Safety Vest, NO-Mask"
2025-11-03 15:41:36,2,
2025-11-03 15:41:36,3,"NO-Hardhat, NO-Hardhat"
2025-11-03 15:41:36,4,"NO-Mask, NO-Mask"
2025-11-03 15:41:36,1,"NO-Hardhat, NO-Safety Vest, NO-Mask"
2025-11-03 15:41:36,1,"NO-Hardhat, NO-Safety Vest, NO-Mask"
2025-11-03 15:41:36,1,NO-Hardhat
2025-11-03 15:41:36,2,
2025-11-03 15:41:36,3,"NO-Mask, NO-Safety Vest, NO-Hardhat"
2025-11-03 15:41:36,1,
2025-11-03 15:41:36,2,"NO-Hardhat, NO-Mask, NO-Hardhat"
2025-11-03 15:41:36,3,NO-Safety Vest
2025-11-03 15:41:36,4,"NO-Mask, NO-Mask"
2025-11-03 15:41:37,1,"NO-Hardhat, NO-Safety Vest, NO-Mask"
2025-11-03 15:41:37,2,
2025-11-03 15:41:37,1,
2025-11-03 15:41:37,2,
2025-11-03 15:41:37,3,"NO-Mask, NO-Safety Vest"
2025-11-03 15:41:37,1,"NO-Hardhat, NO-Mask, NO-Safety Vest"
2025-11-03 15:41:37,2,
2025-11-03 15:41:37,1,"NO-Hardhat, NO-Hardhat, NO-Mask"
2025-11-03 15:41:37,2,
2025-11-03 15:41:37,1,
2025-11-03 15:41:37,3,
2025-11-03 15:41:37,2,
2025-11-03 15:41:37,4,"NO-Mask, NO-Mask, NO-Safety Vest"
2025-11-03 15:41:37,3,"NO-Safety Vest, NO-Mask"
2025-11-03 15:41:37,1,"NO-Hardhat, NO-Mask, NO-Safety Vest"
2025-11-03 15:41:37,2,
2025-11-03 15:41:37,1,"NO-Hardhat, NO-Mask, NO-Safety Vest"
2025-11-03 15:41:37,2,
2025-11-03 15:41:37,1,
2025-11-03 15:41:37,2,
2025-11-03 15:41:37,3,"NO-Safety Vest, NO-Mask"
2025-11-03 15:41:37,1,"NO-Hardhat, NO-Mask, NO-Hardhat"
2025-11-03 15:41:37,2,
2025-11-03 15:41:37,3,"NO-Mask, NO-Mask"
2025-11-03 15:41:37,4,
2025-11-03 15:41:37,1,"NO-Hardhat, NO-Mask, NO-Safety Vest"
2025-11-03 15:41:37,2,
2025-11-03 15:41:37,1,
2025-11-03 15:41:37,2,NO-Safety Vest
2025-11-03 15:41:37,3,NO-Mask
2025-11-03 15:41:37,1,"NO-Hardhat, NO-Hardhat, NO-Mask"
2025-11-03 15:41:37,2,
2025-11-03 15:41:37,3,"NO-Mask, NO-Mask"
2025-11-03 15:41:37,4,
2025-11-03 15:41:37,1,"NO-Hardhat, NO-Mask, NO-Safety Vest"
2025-11-03 15:41:37,2,
2025-11-03 15:41:37,1,
2025-11-03 15:41:37,2,
2025-11-03 15:41:37,3,"NO-Safety Vest, NO-Mask"
2025-11-03 15:41:37,1,"NO-Hardhat, NO-Mask, NO-Safety Vest"
2025-11-03 15:41:37,2,
2025-11-03 15:41:37,1,
2025-11-03 15:41:37,2,
2025-11-03 15:41:37,3,NO-Safety Vest
2025-11-03 15:41:37,1,"NO-Hardhat, NO-Mask"
2025-11-03 15:41:37,2,NO-Mask
2025-11-03 15:41:37,3,NO-Mask
2025-11-03 15:41:37,1,"NO-Hardhat, NO-Mask, NO-Safety Vest"
2025-11-03 15:41:37,2,
2025-11-03 15:41:37,1,
2025-11-03 15:41:37,2,
2025-11-03 15:41:37,3,NO-Safety Vest
2025-11-03 15:41:37,1,"NO-Hardhat, NO-Mask, NO-Safety Vest"
2025-11-03 15:41:37,2,
2025-11-03 15:41:37,1,"NO-Hardhat, NO-Hardhat"
2025-11-03 15:41:37,2,"NO-Mask, NO-Mask"
2025-11-03 15:41:37,3,NO-Mask
2025-11-03 15:41:37,4,
2025-11-03 15:41:37,1,"NO-Hardhat, NO-Mask, NO-Safety Vest"
2025-11-03 15:41:37,2,
2025-11-03 15:41:37,1,
2025-11-03 15:41:37,2,
2025-11-03 15:41:37,3,"NO-Safety Vest, NO-Safety Vest"
2025-11-03 15:41:37,1,"NO-Hardhat, NO-Mask"
2025-11-03 15:41:37,2,NO-Safety Vest
2025-11-03 15:41:37,1,NO-Hardhat
2025-11-03 15:41:37,2,"NO-Mask, NO-Mask"
2025-11-03 15:41:37,3,NO-Mask
2025-11-03 15:41:37,4,
2025-11-03 15:41:37,1,
2025-11-03 15:41:37,2,
2025-11-03 15:41:37,3,"NO-Safety Vest, NO-Hardhat, NO-Mask"
2025-11-03 15:41:37,1,"NO-Hardhat, NO-Mask"
2025-11-03 15:41:37,2,NO-Safety Vest
2025-11-03 15:41:37,1,NO-Hardhat
2025-11-03 15:41:37,2,"NO-Mask, NO-Mask"
2025-11-03 15:41:37,3,NO-Mask
2025-11-03 15:41:37,1,"NO-Hardhat, NO-Mask, NO-Safety Vest"
2025-11-03 15:41:37,2,
2025-11-03 15:41:37,1,
2025-11-03 15:41:37,2,
2025-11-03 15:41:37,3,"NO-Safety Vest, NO-Hardhat, NO-Mask"
2025-11-03 15:41:37,1,"NO-Hardhat, NO-Mask, NO-Safety Vest"
2025-11-03 15:41:37,2,
2025-11-03 15:41:38,1,
2025-11-03 15:41:38,2,
2025-11-03 15:41:38,3,"NO-Safety Vest, NO-Mask"
2025-11-03 15:41:38,1,
2025-11-03 15:41:38,2,NO-Mask
2025-11-03 15:41:38,3,"NO-Mask, NO-Mask"
2025-11-03 15:41:38,1,"NO-Hardhat, NO-Mask"
2025-11-03 15:41:38,2,NO-Safety Vest
2025-11-03 15:41:38,1,"NO-Hardhat, NO-Mask, NO-Safety Vest"
2025-11-03 15:41:38,2,
2025-11-03 15:41:38,1,
2025-11-03 15:41:38,2,
2025-11-03 15:41:38,3,"NO-Safety Vest, NO-Mask"
2025-11-03 15:41:38,1,
2025-11-03 15:41:38,2,
2025-11-03 15:41:38,3,"NO-Mask, NO-Mask"
2025-11-03 15:41:38,4,
2025-11-03 15:41:38,1,"NO-Hardhat, NO-Mask, NO-Safety Vest"
2025-11-03 15:41:38,2,
2025-11-03 15:41:38,1,
2025-11-03 15:41:38,2,
2025-11-03 15:41:38,3,"NO-Safety Vest, NO-Mask"
2025-11-03 15:41:38,1,"NO-Hardhat, NO-Mask, NO-Safety Vest"
2025-11-03 15:41:38,2,
2025-11-03 15:41:38,1,
2025-11-03 15:41:38,2,
2025-11-03 15:41:38,3,"NO-Mask, NO-Mask"
2025-11-03 15:41:38,1,"NO-Hardhat, NO-Mask, NO-Safety Vest"
2025-11-03 15:41:38,2,
2025-11-03 15:41:38,1,
2025-11-03 15:41:38,2,
2025-11-03 15:41:38,3,"NO-Safety Vest, NO-Mask"
2025-11-03 15:41:38,1,"NO-Hardhat, NO-Safety Vest, NO-Mask"
2025-11-03 15:41:38,2,
2025-11-03 15:41:38,1,NO-Hardhat
2025-11-03 15:41:38,2,NO-Mask
2025-11-03 15:41:38,3,NO-Mask
2025-11-03 15:41:38,4,
2025-11-03 15:41:38,1,"NO-Hardhat, NO-Safety Vest, NO-Mask"
2025-11-03 15:41:38,2,
2025-11-03 15:41:38,1,
2025-11-03 15:41:38,2,
2025-11-03 15:41:38,3,"NO-Safety Vest, NO-Mask"
2025-11-03 15:41:38,1,
2025-11-03 15:41:38,2,"NO-Mask, NO-Hardhat, NO-Mask"
2025-11-03 15:41:38,3,NO-Mask
2025-11-03 15:41:38,4,
2025-11-03 15:41:38,1,"NO-Hardhat, NO-Safety Vest, NO-Mask"
2025-11-03 15:41:38,2,
2025-11-03 15:41:38,1,NO-Hardhat
2025-11-03 15:41:38,2,
2025-11-03 15:41:38,3,"NO-Mask, NO-Safety Vest"
2025-11-03 15:41:38,1,NO-Hardhat
2025-11-03 15:41:38,2,"NO-Safety Vest, NO-Mask"
2025-11-03 15:41:38,1,
2025-11-03 15:41:38,2,"NO-Mask, NO-Hardhat"
2025-11-03 15:41:38,3,"NO-Mask, NO-Mask"
2025-11-03 15:41:38,1,NO-Hardhat
2025-11-03 15:41:38,2,"NO-Safety Vest, NO-Mask"
2025-11-03 15:41:38,1,NO-Hardhat
2025-11-03 15:41:38,2,"NO-Safety Vest, NO-Mask"
2025-11-03 15:41:38,3,
2025-11-03 15:41:38,1,
2025-11-03 15:41:38,2,
2025-11-03 15:41:38,3,"NO-Mask, NO-Hardhat, NO-Mask"
2025-11-03 15:41:38,1,NO-Hardhat
2025-11-03 15:41:38,2,"NO-Safety Vest, NO-Mask"
2025-11-03 15:41:38,1,"NO-Hardhat, NO-Hardhat"
2025-11-03 15:41:38,2,"NO-Safety Vest, NO-Mask"
2025-11-03 15:41:38,3,
2025-11-03 15:41:38,1,NO-Hardhat
2025-11-03 15:41:38,2,"NO-Safety Vest, NO-Mask"
2025-11-03 15:41:38,1,NO-Safety Vest
2025-11-03 15:41:38,2,NO-Hardhat
2025-11-03 15:41:38,3,"NO-Mask, NO-Mask"
2025-11-03 15:41:38,1,"NO-Hardhat, NO-Hardhat"
2025-11-03 15:41:38,2,"NO-Safety Vest, NO-Mask"
2025-11-03 15:41:38,3,
2025-11-03 15:41:38,1,NO-Hardhat
2025-11-03 15:41:38,2,"NO-Safety Vest, NO-Mask"
2025-11-03 15:41:38,1,"NO-Hardhat, NO-Hardhat"
2025-11-03 15:41:38,2,NO-Safety Vest
2025-11-03 15:41:38,3,NO-Mask
2025-11-03 15:41:38,1,NO-Hardhat
2025-11-03 15:41:38,2,"NO-Mask, NO-Safety Vest"
2025-11-03 15:41:38,1,"NO-Safety Vest, NO-Hardhat, NO-Hardhat, NO-Mask, NO-Hardhat"
2025-11-03 15:41:38,2,
2025-11-03 15:41:38,3,NO-Mask
2025-11-03 15:41:38,4,NO-Safety Vest
2025-11-03 15:41:39,1,NO-Hardhat
2025-11-03 15:41:39,2,"NO-Safety Vest, NO-Mask"
2025-11-03 15:41:39,1,"NO-Hardhat, NO-Hardhat"
2025-11-03 15:41:39,2,"NO-Safety Vest, NO-Mask, NO-Hardhat"
2025-11-03 15:41:39,1,NO-Hardhat
2025-11-03 15:41:39,2,"NO-Safety Vest, NO-Mask"
2025-11-03 15:41:39,1,
2025-11-03 15:41:39,2,"NO-Hardhat, NO-Hardhat, NO-Mask"
2025-11-03 15:41:39,3,"NO-Safety Vest, NO-Hardhat"
2025-11-03 15:41:39,4,"NO-Mask, NO-Hardhat, NO-Mask"
2025-11-03 15:41:39,1,NO-Hardhat
2025-11-03 15:41:39,2,"NO-Safety Vest, NO-Mask"
2025-11-03 15:41:39,1,"NO-Hardhat, NO-Hardhat"
2025-11-03 15:41:39,2,"NO-Safety Vest, NO-Mask"
2025-11-03 15:41:39,3,
2025-11-03 15:41:39,1,NO-Hardhat
2025-11-03 15:41:39,2,"NO-Safety Vest, NO-Mask"
2025-11-03 15:41:39,1,
2025-11-03 15:41:39,2,"NO-Hardhat, NO-Hardhat, NO-Mask, NO-Safety Vest"
2025-11-03 15:41:39,3,NO-Hardhat
2025-11-03 15:41:39,4,"NO-Mask, NO-Hardhat, NO-Mask"
2025-11-03 15:41:39,1,"NO-Hardhat, NO-Hardhat"
2025-11-03 15:41:39,2,NO-Safety Vest
2025-11-03 15:41:39,3,
2025-11-03 15:41:39,1,NO-Hardhat
2025-11-03 15:41:39,2,"NO-Safety Vest, NO-Mask"
2025-11-03 15:41:39,1,"NO-Hardhat, NO-Hardhat"
2025-11-03 15:41:39,2,NO-Safety Vest
2025-11-03 15:41:39,3,NO-Mask
2025-11-03 15:41:39,1,NO-Hardhat
2025-11-03 15:41:39,2,"NO-Safety Vest, NO-Mask"
2025-11-03 15:41:39,1,
2025-11-03 15:41:39,2,"NO-Hardhat, NO-Hardhat, NO-Mask, NO-Safety Vest"
2025-11-03 15:41:39,3,NO-Hardhat
2025-11-03 15:41:39,4,"NO-Mask, NO-Hardhat"
2025-11-03 15:41:39,1,NO-Hardhat
2025-11-03 15:41:39,2,"NO-Safety Vest, NO-Mask"
2025-11-03 15:41:39,1,"NO-Hardhat, NO-Hardhat"
2025-11-03 15:41:39,2,NO-Safety Vest
2025-11-03 15:41:39,3,
2025-11-03 15:41:39,1,NO-Hardhat
2025-11-03 15:41:39,2,"NO-Mask, NO-Safety Vest"
2025-11-03 15:41:39,1,
2025-11-03 15:41:39,2,"NO-Hardhat, NO-Mask, NO-Hardhat, NO-Safety Vest"
2025-11-03 15:41:39,3,NO-Hardhat
2025-11-03 15:41:39,4,"NO-Mask, NO-Safety Vest, NO-Hardhat"
2025-11-03 15:41:39,1,"NO-Hardhat, NO-Hardhat"
2025-11-03 15:41:39,2,NO-Safety Vest
2025-11-03 15:41:39,3,NO-Mask
2025-11-03 15:41:39,1,NO-Hardhat
2025-11-03 15:41:39,2,"NO-Safety Vest, NO-Mask"
2025-11-03 15:41:39,1,NO-Hardhat
2025-11-03 15:41:39,2,NO-Safety Vest
2025-11-03 15:41:39,1,"NO-Hardhat, NO-Hardhat"
2025-11-03 15:41:39,2,"NO-Safety Vest, NO-Mask"
2025-11-03 15:41:39,3,
2025-11-03 15:41:39,1,NO-Hardhat
2025-11-03 15:41:39,2,NO-Safety Vest
2025-11-03 15:41:39,1,
2025-11-03 15:41:39,2,"NO-Hardhat, NO-Mask, NO-Hardhat, NO-Safety Vest"
2025-11-03 15:41:39,3,NO-Hardhat
2025-11-03 15:41:39,4,"NO-Mask, NO-Hardhat, NO-Safety Vest"
2025-11-03 15:41:39,1,NO-Hardhat
2025-11-03 15:41:39,2,NO-Safety Vest
2025-11-03 15:41:39,1,NO-Hardhat
2025-11-03 15:41:39,2,"NO-Safety Vest, NO-Mask"
2025-11-03 15:41:39,1,NO-Hardhat
2025-11-03 15:41:39,2,NO-Safety Vest
2025-11-03 15:41:39,1,
2025-11-03 15:41:39,2,"NO-Hardhat, NO-Mask, NO-Hardhat, NO-Hardhat, NO-Safety Vest"
2025-11-03 15:41:39,3,
2025-11-03 15:41:39,4,"NO-Safety Vest, NO-Mask, NO-Hardhat"
2025-11-03 15:41:39,1,
2025-11-03 15:41:39,2,"NO-Safety Vest, NO-Mask"
2025-11-03 15:41:39,1,NO-Hardhat
2025-11-03 15:41:39,2,NO-Safety Vest
2025-11-03 15:41:39,1,NO-Hardhat
2025-11-03 15:41:39,2,"NO-Safety Vest, NO-Mask"
2025-11-03 15:41:39,3,
2025-11-03 15:41:39,1,NO-Hardhat
2025-11-03 15:41:39,2,NO-Safety Vest
2025-11-03 15:41:39,1,
2025-11-03 15:41:39,2,"NO-Hardhat, NO-Hardhat, NO-Safety Vest, NO-Mask, NO-Hardhat, NO-Safety Vest"
2025-11-03 15:41:39,3,
2025-11-03 15:41:39,4,"NO-Mask, NO-Hardhat"
2025-11-03 15:41:40,1,NO-Hardhat
2025-11-03 15:41:40,2,NO-Safety Vest
2025-11-03 15:41:40,1,NO-Hardhat
2025-11-03 15:41:40,2,"NO-Mask, NO-Safety Vest"
2025-11-03 15:41:40,3,
2025-11-03 15:41:40,1,NO-Hardhat
2025-11-03 15:41:40,2,NO-Safety Vest
2025-11-03 15:41:40,1,
2025-11-03 15:41:40,2,"NO-Hardhat, NO-Mask, NO-Hardhat, NO-Hardhat, NO-Safety Vest"
2025-11-03 15:41:40,3,
2025-11-03 15:41:40,4,"NO-Mask, NO-Hardhat"
2025-11-03 15:41:40,1,NO-Hardhat
2025-11-03 15:41:40,2,NO-Safety Vest
2025-11-03 15:41:40,1,NO-Hardhat
2025-11-03 15:41:40,2,NO-Safety Vest
2025-11-03 15:41:40,1,
2025-11-03 15:41:40,2,
2025-11-03 15:41:40,3,"NO-Mask, NO-Hardhat, NO-Safety Vest, NO-Safety Vest"
2025-11-03 15:41:40,1,NO-Hardhat
2025-11-03 15:41:40,2,NO-Safety Vest
2025-11-03 15:41:40,1,NO-Safety Vest
2025-11-03 15:41:40,2,"NO-Hardhat, NO-Hardhat, NO-Mask, NO-Hardhat, NO-Safety Vest"
2025-11-03 15:41:40,3,
2025-11-03 15:41:40,4,"NO-Mask, NO-Hardhat"
2025-11-03 15:41:40,1,NO-Hardhat
2025-11-03 15:41:40,2,"NO-Hardhat, NO-Hardhat"
2025-11-03 15:41:40,3,"NO-Mask, NO-Safety Vest, NO-Safety Vest"
2025-11-03 15:41:40,1,NO-Hardhat
2025-11-03 15:41:40,2,NO-Safety Vest
2025-11-03 15:41:40,1,NO-Hardhat
2025-11-03 15:41:40,2,NO-Safety Vest
2025-11-03 15:41:40,1,
2025-11-03 15:41:40,2,"NO-Hardhat, NO-Safety Vest, NO-Hardhat, NO-Mask, NO-Hardhat, NO-Safety Vest"
2025-11-03 15:41:40,3,NO-Mask
2025-11-03 15:41:40,4,NO-Mask
2025-11-03 15:41:40,1,"NO-Hardhat, NO-Hardhat"
2025-11-03 15:41:40,2,"NO-Hardhat, NO-Mask, NO-Safety Vest"
2025-11-03 15:41:40,3,
2025-11-03 15:41:40,4,
2025-11-03 15:41:40,1,NO-Hardhat
2025-11-03 15:41:40,2,NO-Safety Vest
2025-11-03 15:41:40,1,NO-Hardhat
2025-11-03 15:41:40,2,NO-Safety Vest
2025-11-03 15:41:40,1,NO-Hardhat
2025-11-03 15:41:40,2,NO-Safety Vest
2025-11-03 15:41:40,1,NO-Hardhat
2025-11-03 15:41:40,2,"NO-Hardhat, NO-Hardhat"
2025-11-03 15:41:40,3,
2025-11-03 15:41:40,4,"NO-Safety Vest, NO-Mask, NO-Safety Vest, NO-Safety Vest"
2025-11-03 15:41:40,1,NO-Hardhat
2025-11-03 15:41:40,2,NO-Safety Vest
2025-11-03 15:41:40,1,
2025-11-03 15:41:40,2,"NO-Safety Vest, NO-Hardhat, NO-Hardhat, NO-Hardhat, NO-Mask, NO-Safety Vest"
2025-11-03 15:41:40,3,"NO-Mask, NO-Mask"
2025-11-03 15:41:40,4,
2025-11-03 15:41:40,1,"NO-Hardhat, NO-Safety Vest"
2025-11-03 15:41:40,2,
2025-11-03 15:41:40,1,"NO-Hardhat, NO-Safety Vest"
2025-11-03 15:41:40,2,
2025-11-03 15:41:40,1,"NO-Hardhat, NO-Hardhat"
2025-11-03 15:41:40,2,"NO-Hardhat, NO-Safety Vest"
2025-11-03 15:41:40,3,
2025-11-03 15:41:40,4,"NO-Mask, NO-Safety Vest"
2025-11-03 15:41:40,1,"NO-Hardhat, NO-Safety Vest"
2025-11-03 15:41:40,2,
2025-11-03 15:41:40,1,
2025-11-03 15:41:40,2,"NO-Safety Vest, NO-Hardhat, NO-Hardhat, NO-Hardhat, NO-Mask, NO-Safety Vest"
2025-11-03 15:41:40,3,"NO-Mask, NO-Mask"
2025-11-03 15:41:40,1,NO-Hardhat
2025-11-03 15:41:40,2,NO-Safety Vest
2025-11-03 15:41:40,1,
2025-11-03 15:41:40,2,NO-Hardhat
2025-11-03 15:41:40,3,"NO-Safety Vest, NO-Mask"
2025-11-03 15:41:40,4,NO-Safety Vest
2025-11-03 15:41:40,1,NO-Hardhat
2025-11-03 15:41:40,2,NO-Safety Vest
2025-11-03 15:41:40,1,
2025-11-03 15:41:40,2,"NO-Hardhat, NO-Hardhat, NO-Hardhat, NO-Mask, NO-Safety Vest"
2025-11-03 15:41:40,3,"NO-Mask, NO-Mask, NO-Safety Vest"
2025-11-03 15:41:40,4,
2025-11-03 15:41:40,1,"NO-Hardhat, NO-Safety Vest"
2025-11-03 15:41:40,2,NO-Mask
2025-11-03 15:41:41,1,"NO-Hardhat, NO-Hardhat"
2025-11-03 15:41:41,2,"NO-Hardhat, NO-Safety Vest, NO-Mask"
2025-11-03 15:41:41,3,
2025-11-03 15:41:41,1,NO-Hardhat
2025-11-03 15:41:41,2,"NO-Safety Vest, NO-Mask"
2025-11-03 15:41:41,1,NO-Hardhat
2025-11-03 15:41:41,2,"NO-Hardhat, NO-Hardhat, NO-Mask, NO-Safety Vest"
2025-11-03 15:41:41,3,"NO-Mask, NO-Mask"
2025-11-03 15:41:41,1,NO-Hardhat
2025-11-03 15:41:41,2,"NO-Safety Vest, NO-Mask"
2025-11-03 15:41:41,1,NO-Hardhat
2025-11-03 15:41:41,2,"NO-Safety Vest, NO-Safety Vest, NO-Mask"
2025-11-03 15:41:41,3,
2025-11-03 15:41:41,1,"NO-Hardhat, NO-Safety Vest"
2025-11-03 15:41:41,2,NO-Mask
2025-11-03 15:41:41,1,"NO-Hardhat, NO-Hardhat"
2025-11-03 15:41:41,2,"NO-Hardhat, NO-Safety Vest, NO-Mask"
2025-11-03 15:41:41,3,"NO-Mask, NO-Mask"
2025-11-03 15:41:41,1,"NO-Hardhat, NO-Safety Vest"
2025-11-03 15:41:41,2,NO-Mask
2025-11-03 15:41:41,1,"NO-Hardhat, NO-Hardhat"
2025-11-03 15:41:41,2,"NO-Safety Vest, NO-Mask"
2025-11-03 15:41:41,3,"NO-Safety Vest, NO-Hardhat"
2025-11-03 15:41:41,1,NO-Hardhat
2025-11-03 15:41:41,2,"NO-Hardhat, NO-Hardhat, NO-Mask"
2025-11-03 15:41:41,3,NO-Mask
2025-11-03 15:41:41,1,"NO-Hardhat, NO-Safety Vest"
2025-11-03 15:41:41,2,NO-Mask
2025-11-03 15:41:41,1,"NO-Hardhat, NO-Mask, NO-Safety Vest"
2025-11-03 15:41:41,1,NO-Hardhat
2025-11-03 15:41:41,2,"NO-Hardhat, NO-Hardhat, NO-Mask, NO-Mask"
2025-11-03 15:41:41,3,
2025-11-03 15:41:41,4,NO-Mask
2025-11-03 15:41:41,1,"NO-Hardhat, NO-Safety Vest"
2025-11-03 15:41:41,2,"NO-Safety Vest, NO-Mask"
2025-11-03 15:41:41,3,NO-Safety Vest
2025-11-03 15:41:41,1,"NO-Hardhat, NO-Mask, NO-Safety Vest"
2025-11-03 15:41:41,1,"NO-Hardhat, NO-Mask, NO-Safety Vest"
2025-11-03 15:41:41,1,
2025-11-03 15:41:41,2,"NO-Hardhat, NO-Hardhat, NO-Hardhat, NO-Mask, NO-Mask"
2025-11-03 15:41:41,3,NO-Mask
2025-11-03 15:41:41,4,
2025-11-03 15:41:41,1,"NO-Hardhat, NO-Mask, NO-Safety Vest"
2025-11-03 15:41:41,1,
2025-11-03 15:41:41,2,"NO-Mask, NO-Safety Vest, NO-Hardhat"
2025-11-03 15:41:41,1,"NO-Hardhat, NO-Mask, NO-Safety Vest"
2025-11-03 15:41:41,1,NO-Hardhat
2025-11-03 15:41:41,2,"NO-Hardhat, NO-Hardhat, NO-Mask, NO-Mask, NO-Mask"
2025-11-03 15:41:41,3,
2025-11-03 15:41:41,4,
2025-11-03 15:41:41,1,"NO-Hardhat, NO-Mask"
2025-11-03 15:41:41,1,"NO-Hardhat, NO-Hardhat"
2025-11-03 15:41:41,2,"NO-Safety Vest, NO-Mask, NO-Mask, NO-Safety Vest"
2025-11-03 15:41:41,1,"NO-Hardhat, NO-Mask"
2025-11-03 15:41:41,1,"NO-Hardhat, NO-Mask"
2025-11-03 15:41:41,1,
2025-11-03 15:41:41,2,"NO-Hardhat, NO-Hardhat, NO-Mask, NO-Mask"
2025-11-03 15:41:41,3,NO-Mask
2025-11-03 15:41:41,4,
2025-11-03 15:41:41,1,"NO-Hardhat, NO-Mask"
2025-11-03 15:41:41,1,NO-Hardhat
2025-11-03 15:41:41,2,"NO-Safety Vest, NO-Mask, NO-Hardhat, NO-Safety Vest, NO-Mask"
2025-11-03 15:41:41,1,"NO-Hardhat, NO-Mask, NO-Safety Vest"
2025-11-03 15:41:41,2,
2025-11-03 15:41:41,1,NO-Hardhat
2025-11-03 15:41:41,2,"NO-Hardhat, NO-Hardhat, NO-Mask, NO-Mask, NO-Mask"
2025-11-03 15:41:41,3,
2025-11-03 15:41:41,1,"NO-Hardhat, NO-Mask"
2025-11-03 15:41:41,2,
2025-11-03 15:41:41,1,"NO-Hardhat, NO-Mask"
2025-11-03 15:41:41,2,
2025-11-03 15:41:42,1,"NO-Hardhat, NO-Mask"
2025-11-03 15:41:42,2,
2025-11-03 15:41:42,1,NO-Hardhat
2025-11-03 15:41:42,2,"NO-Safety Vest, NO-Mask, NO-Safety Vest, NO-Mask"
2025-11-03 15:41:42,3,
2025-11-03 15:41:42,1,"NO-Hardhat, NO-Hardhat, NO-Hardhat"
2025-11-03 15:41:42,2,NO-Mask
2025-11-03 15:41:42,3,NO-Mask
2025-11-03 15:41:42,4,NO-Mask
2025-11-03 15:41:42,1,"NO-Hardhat, NO-Mask"
2025-11-03 15:41:42,2,NO-Safety Vest
2025-11-03 15:41:42,1,NO-Hardhat
2025-11-03 15:41:42,2,"NO-Hardhat, NO-Hardhat, NO-Mask"
2025-11-03 15:41:42,3,NO-Mask
2025-11-03 15:41:42,4,NO-Mask
2025-11-03 15:41:42,5,
2025-11-03 15:41:42,1,"NO-Hardhat, NO-Mask, NO-Safety Vest"
2025-11-03 15:41:42,2,
2025-11-03 15:41:42,1,
2025-11-03 15:41:42,2,"NO-Hardhat, NO-Safety Vest, NO-Mask, NO-Safety Vest, NO-Mask"
2025-11-03 15:41:42,1,"NO-Hardhat, NO-Mask, NO-Safety Vest"
2025-11-03 15:41:42,2,
2025-11-03 15:41:42,1,"NO-Hardhat, NO-Hardhat"
2025-11-03 15:41:42,2,"NO-Hardhat, NO-Mask, NO-Mask"
2025-11-03 15:41:42,3,NO-Mask
2025-11-03 15:41:42,4,
2025-11-03 15:41:42,5,
2025-11-03 15:41:42,1,"NO-Hardhat, NO-Mask, NO-Safety Vest"
2025-11-03 15:41:42,2,
2025-11-03 15:41:42,1,NO-Hardhat
2025-11-03 15:41:42,2,"NO-Safety Vest, NO-Mask, NO-Safety Vest, NO-Mask"
2025-11-03 15:41:42,1,"NO-Hardhat, NO-Mask, NO-Safety Vest"
2025-11-03 15:41:42,2,
2025-11-03 15:41:42,1,"NO-Safety Vest, NO-Hardhat, NO-Hardhat"
2025-11-03 15:41:42,2,"NO-Hardhat, NO-Mask"
2025-11-03 15:41:42,3,"NO-Mask, NO-Mask"
2025-11-03 15:41:42,4,
2025-11-03 15:41:42,5,
2025-11-03 15:41:42,1,"NO-Hardhat, NO-Mask"
2025-11-03 15:41:42,2,NO-Safety Vest
2025-11-03 15:41:42,1,NO-Hardhat
2025-11-03 15:41:42,2,"NO-Safety Vest, NO-Safety Vest, NO-Mask, NO-Mask"
2025-11-03 15:41:42,1,"NO-Hardhat, NO-Mask"
2025-11-03 15:41:42,2,NO-Safety Vest
2025-11-03 15:41:42,1,"NO-Safety Vest, NO-Hardhat"
2025-11-03 15:41:42,2,"NO-Hardhat, NO-Hardhat, NO-Mask"
2025-11-03 15:41:42,3,"NO-Mask, NO-Mask"
2025-11-03 15:41:42,4,
2025-11-03 15:41:42,5,
2025-11-03 15:41:42,1,"NO-Hardhat, NO-Mask"
2025-11-03 15:41:42,2,NO-Safety Vest
2025-11-03 15:41:42,1,"NO-Hardhat, NO-Mask, NO-Safety Vest"
2025-11-03 15:41:42,2,
2025-11-03 15:41:42,1,"NO-Safety Vest, NO-Hardhat"
2025-11-03 15:41:42,2,"NO-Hardhat, NO-Hardhat, NO-Mask"
2025-11-03 15:41:42,3,"NO-Mask, NO-Mask"
2025-11-03 15:41:42,4,
2025-11-03 15:41:42,5,
2025-11-03 15:41:42,1,
2025-11-03 15:41:42,2,"NO-Hardhat, NO-Safety Vest, NO-Mask, NO-Mask, NO-Safety Vest"
2025-11-03 15:41:42,1,"NO-Hardhat, NO-Mask"
2025-11-03 15:41:42,2,NO-Safety Vest
2025-11-03 15:41:42,1,"NO-Hardhat, NO-Mask"
2025-11-03 15:41:42,2,
2025-11-03 15:41:42,1,"NO-Hardhat, NO-Mask"
2025-11-03 15:41:42,1,"NO-Safety Vest, NO-Hardhat"
2025-11-03 15:41:42,2,"NO-Hardhat, NO-Hardhat, NO-Mask"
2025-11-03 15:41:42,3,"NO-Mask, NO-Mask"
2025-11-03 15:41:42,4,
2025-11-03 15:41:42,5,
2025-11-03 15:41:42,1,NO-Hardhat
2025-11-03 15:41:42,2,"NO-Hardhat, NO-Safety Vest, NO-Mask, NO-Mask, NO-Safety Vest"
2025-11-03 15:41:42,1,"NO-Hardhat, NO-Mask"
2025-11-03 15:41:42,2,NO-Safety Vest
2025-11-03 15:41:42,1,"NO-Hardhat, NO-Mask, NO-Safety Vest"
2025-11-03 15:41:42,2,
2025-11-03 15:41:42,1,"NO-Safety Vest, NO-Hardhat"
2025-11-03 15:41:42,2,"NO-Hardhat, NO-Hardhat, NO-Mask"
2025-11-03 15:41:42,3,NO-Mask
2025-11-03 15:41:42,4,
2025-11-03 15:41:42,5,NO-Mask
2025-11-03 15:41:42,1,"NO-Hardhat, NO-Mask, NO-Safety Vest"
2025-11-03 15:41:42,2,
2025-11-03 15:41:42,1,NO-Hardhat
2025-11-03 15:41:42,2,"NO-Safety Vest, NO-Hardhat, NO-Mask, NO-Safety Vest, NO-Mask"
2025-11-03 15:41:43,1,"NO-Hardhat, NO-Mask, NO-Safety Vest"
2025-11-03 15:41:43,1,"NO-Safety Vest, NO-Hardhat"
2025-11-03 15:41:43,2,"NO-Hardhat, NO-Hardhat, NO-Mask"
2025-11-03 15:41:43,3,NO-Mask
2025-11-03 15:41:43,4,
2025-11-03 15:41:43,5,NO-Mask
2025-11-03 15:41:43,1,"NO-Hardhat, NO-Mask, NO-Safety Vest"
2025-11-03 15:41:43,2,
2025-11-03 15:41:43,1,
2025-11-03 15:41:43,2,"NO-Safety Vest, NO-Hardhat, NO-Mask, NO-Mask, NO-Safety Vest"
2025-11-03 15:41:43,1,"NO-Safety Vest, NO-Hardhat"
2025-11-03 15:41:43,2,"NO-Hardhat, NO-Hardhat, NO-Mask"
2025-11-03 15:41:43,3,NO-Mask
2025-11-03 15:41:43,4,NO-Mask
2025-11-03 15:41:43,5,
2025-11-03 15:41:43,1,"NO-Hardhat, NO-Safety Vest, NO-Mask"
2025-11-03 15:41:43,2,
2025-11-03 15:41:43,1,"NO-Hardhat, NO-Safety Vest, NO-Mask"
2025-11-03 15:41:43,1,"NO-Hardhat, NO-Hardhat"
2025-11-03 15:41:43,2,"NO-Safety Vest, NO-Mask, NO-Mask, NO-Safety Vest, NO-Safety Vest"
2025-11-03 15:41:43,1,NO-Hardhat
2025-11-03 15:41:43,2,"NO-Hardhat, NO-Hardhat, NO-Mask, NO-Mask"
2025-11-03 15:41:43,3,
2025-11-03 15:41:43,4,
2025-11-03 15:41:43,5,NO-Mask
2025-11-03 15:41:43,1,"NO-Hardhat, NO-Mask, NO-Safety Vest"
2025-11-03 15:41:43,2,
2025-11-03 15:41:43,1,"NO-Hardhat, NO-Mask, NO-Safety Vest"
2025-11-03 15:41:43,2,
2025-11-03 15:41:43,1,NO-Hardhat
2025-11-03 15:41:43,2,"NO-Safety Vest, NO-Safety Vest, NO-Mask, NO-Mask, NO-Hardhat, NO-Mask"
2025-11-03 15:41:43,1,
2025-11-03 15:41:43,2,"NO-Hardhat, NO-Hardhat, NO-Mask, NO-Mask"
2025-11-03 15:41:43,3,NO-Mask
2025-11-03 15:41:43,4,
2025-11-03 15:41:43,1,"NO-Hardhat, NO-Mask, NO-Safety Vest"
2025-11-03 15:41:43,2,
2025-11-03 15:41:43,1,"NO-Hardhat, NO-Mask, NO-Safety Vest"
2025-11-03 15:41:43,2,
2025-11-03 15:41:43,1,
2025-11-03 15:41:43,2,"NO-Hardhat, NO-Hardhat, NO-Mask, NO-Mask"
2025-11-03 15:41:43,3,NO-Mask
2025-11-03 15:41:43,4,
2025-11-03 15:41:43,1,NO-Hardhat
2025-11-03 15:41:43,2,"NO-Mask, NO-Safety Vest"
2025-11-03 15:41:43,1,"NO-Hardhat, NO-Hardhat"
2025-11-03 15:41:43,2,"NO-Safety Vest, NO-Safety Vest"
2025-11-03 15:41:43,3,"NO-Safety Vest, NO-Mask, NO-Mask"
2025-11-03 15:41:43,4,NO-Hardhat
2025-11-03 15:41:43,1,NO-Hardhat
2025-11-03 15:41:43,2,"NO-Mask, NO-Safety Vest"
2025-11-03 15:41:43,1,
2025-11-03 15:41:43,2,"NO-Hardhat, NO-Hardhat, NO-Mask, NO-Mask"
2025-11-03 15:41:43,3,NO-Mask
2025-11-03 15:41:43,1,NO-Hardhat
2025-11-03 15:41:43,2,"NO-Mask, NO-Safety Vest"
2025-11-03 15:41:43,1,NO-Hardhat
2025-11-03 15:41:43,2,"NO-Mask, NO-Safety Vest"
2025-11-03 15:41:43,1,
2025-11-03 15:41:43,2,"NO-Hardhat, NO-Hardhat, NO-Mask"
2025-11-03 15:41:43,3,"NO-Mask, NO-Mask"
2025-11-03 15:41:43,1,NO-Safety Vest
2025-11-03 15:41:43,2,
2025-11-03 15:41:43,3,"NO-Hardhat, NO-Hardhat, NO-Safety Vest, NO-Safety Vest, NO-Safety Vest, NO-Mask, NO-Mask, NO-Hardhat, NO-Hardhat, NO-Mask"
2025-11-03 15:41:43,4,
2025-11-03 15:41:43,1,NO-Hardhat
2025-11-03 15:41:43,2,"NO-Mask, NO-Safety Vest"
2025-11-03 15:41:43,1,NO-Hardhat
2025-11-03 15:41:43,2,NO-Mask
2025-11-03 15:41:43,1,
2025-11-03 15:41:43,2,"NO-Hardhat, NO-Hardhat, NO-Mask"
2025-11-03 15:41:43,3,"NO-Mask, NO-Mask"
2025-11-03 15:41:43,1,NO-Hardhat
2025-11-03 15:41:43,2,NO-Mask
2025-11-03 15:41:43,1,NO-Hardhat
2025-11-03 15:41:43,2,NO-Mask
2025-11-03 15:41:43,1,
2025-11-03 15:41:43,2,"NO-Hardhat, NO-Hardhat, NO-Mask"
2025-11-03 15:41:43,3,"NO-Mask, NO-Mask"
2025-11-03 15:41:43,1,
2025-11-03 15:41:43,2,NO-Safety Vest
2025-11-03 15:41:43,3,"NO-Hardhat, NO-Hardhat, NO-Safety Vest, NO-Mask, NO-Safety Vest, NO-Safety Vest, NO-Mask, NO-Hardhat, NO-Mask"
2025-11-03 15:41:43,4,"NO-Hardhat, NO-Mask"
2025-11-03 15:41:44,1,NO-Hardhat
2025-11-03 15:41:44,2,NO-Mask
2025-11-03 15:41:44,3,
2025-11-03 15:41:44,1,NO-Hardhat
2025-11-03 15:41:44,2,NO-Mask
2025-11-03 15:41:44,1,NO-Hardhat
2025-11-03 15:41:44,2,"NO-Hardhat, NO-Hardhat, NO-Mask"
2025-11-03 15:41:44,3,NO-Mask
2025-11-03 15:41:44,1,NO-Hardhat
2025-11-03 15:41:44,2,NO-Mask
2025-11-03 15:41:44,1,NO-Hardhat
2025-11-03 15:41:44,2,NO-Mask
2025-11-03 15:41:44,1,
2025-11-03 15:41:44,2,
2025-11-03 15:41:44,3,"NO-Safety Vest, NO-Hardhat, NO-Safety Vest, NO-Hardhat, NO-Safety Vest, NO-Safety Vest, NO-Mask, NO-Hardhat, NO-Mask, NO-Mask"
2025-11-03 15:41:44,4,NO-Mask
2025-11-03 15:41:44,1,NO-Hardhat
2025-11-03 15:41:44,2,"NO-Hardhat, NO-Hardhat, NO-Mask"
2025-11-03 15:41:44,3,NO-Mask
2025-11-03 15:41:44,1,NO-Hardhat
2025-11-03 15:41:44,2,NO-Mask
2025-11-03 15:41:44,1,
2025-11-03 15:41:44,2,"NO-Hardhat, NO-Hardhat, NO-Hardhat, NO-Mask"
2025-11-03 15:41:44,3,NO-Mask
2025-11-03 15:41:44,1,NO-Hardhat
2025-11-03 15:41:44,2,NO-Mask
2025-11-03 15:41:44,1,
2025-11-03 15:41:44,2,
2025-11-03 15:41:44,3,"NO-Safety Vest, NO-Safety Vest, NO-Hardhat, NO-Hardhat, NO-Safety Vest, NO-Mask, NO-Safety Vest, NO-Hardhat, NO-Mask, NO-Hardhat"
2025-11-03 15:41:44,4,
2025-11-03 15:41:44,1,"NO-Hardhat, NO-Safety Vest"
2025-11-03 15:41:44,2,NO-Mask
2025-11-03 15:41:44,1,NO-Hardhat
2025-11-03 15:41:44,2,"NO-Hardhat, NO-Mask, NO-Hardhat"
2025-11-03 15:41:44,3,NO-Mask
2025-11-03 15:41:44,1,"NO-Hardhat, NO-Safety Vest"
2025-11-03 15:41:44,2,NO-Mask
2025-11-03 15:41:44,1,"NO-Hardhat, NO-Safety Vest"
2025-11-03 15:41:44,2,NO-Mask
2025-11-03 15:41:44,1,NO-Hardhat
2025-11-03 15:41:44,2,NO-Hardhat
2025-11-03 15:41:44,3,"NO-Mask, NO-Hardhat"
2025-11-03 15:41:44,1,
2025-11-03 15:41:44,2,
2025-11-03 15:41:44,3,"NO-Safety Vest, NO-Hardhat, NO-Hardhat, NO-Safety Vest, NO-Safety Vest, NO-Safety Vest, NO-Hardhat, NO-Mask, NO-Mask, NO-Hardhat"
2025-11-03 15:41:44,1,"NO-Hardhat, NO-Safety Vest, NO-Mask"
2025-11-03 15:41:44,2,
2025-11-03 15:41:44,1,NO-Hardhat
2025-11-03 15:41:44,2,
2025-11-03 15:41:44,3,"NO-Hardhat, NO-Mask"
2025-11-03 15:41:44,1,
2025-11-03 15:41:44,2,NO-Safety Vest
2025-11-03 15:41:44,3,"NO-Safety Vest, NO-Hardhat, NO-Safety Vest, NO-Hardhat, NO-Safety Vest, NO-Mask, NO-Mask, NO-Mask"
2025-11-03 15:41:44,1,"NO-Hardhat, NO-Safety Vest, NO-Mask"
2025-11-03 15:41:44,2,
2025-11-03 15:41:44,1,NO-Hardhat
2025-11-03 15:41:44,2,NO-Hardhat
2025-11-03 15:41:44,3,"NO-Hardhat, NO-Mask"
2025-11-03 15:41:44,1,"NO-Hardhat, NO-Safety Vest, NO-Mask"
2025-11-03 15:41:44,2,
2025-11-03 15:41:44,1,"NO-Hardhat, NO-Safety Vest, NO-Mask"
2025-11-03 15:41:44,1,NO-Hardhat
2025-11-03 15:41:44,2,
2025-11-03 15:41:44,2,NO-Hardhat
2025-11-03 15:41:44,3,"NO-Hardhat, NO-Mask"
2025-11-03 15:41:44,1,
2025-11-03 15:41:44,2,NO-Safety Vest
2025-11-03 15:41:44,3,"NO-Safety Vest, NO-Hardhat, NO-Hardhat, NO-Safety Vest, NO-Safety Vest, NO-Mask, NO-Mask, NO-Hardhat, NO-Hardhat"
2025-11-03 15:41:44,1,"NO-Hardhat, NO-Safety Vest, NO-Mask"
2025-11-03 15:41:44,2,
2025-11-03 15:41:44,1,NO-Hardhat
2025-11-03 15:41:44,2,NO-Hardhat
2025-11-03 15:41:44,3,"NO-Mask, NO-Hardhat"
2025-11-03 15:41:44,1,"NO-Hardhat, NO-Safety Vest"
2025-11-03 15:41:44,2,NO-Mask
2025-11-03 15:41:44,3,
2025-11-03 15:41:45,1,
2025-11-03 15:41:45,2,
2025-11-03 15:41:45,3,"NO-Safety Vest, NO-Safety Vest, NO-Hardhat, NO-Hardhat, NO-Mask, NO-Safety Vest, NO-Safety Vest, NO-Mask"
2025-11-03 15:41:45,1,"NO-Hardhat, NO-Safety Vest, NO-Mask"
2025-11-03 15:41:45,2,
2025-11-03 15:41:45,1,"NO-Hardhat, NO-Hardhat"
2025-11-03 15:41:45,2,
2025-11-03 15:41:45,3,"NO-Mask, NO-Hardhat"
2025-11-03 15:41:45,1,"NO-Hardhat, NO-Safety Vest, NO-Mask"
2025-11-03 15:41:45,2,
2025-11-03 15:41:45,1,"NO-Hardhat, NO-Hardhat"
2025-11-03 15:41:45,2,
2025-11-03 15:41:45,3,"NO-Mask, NO-Hardhat"
2025-11-03 15:41:45,4,NO-Safety Vest
2025-11-03 15:41:45,1,"NO-Hardhat, NO-Safety Vest, NO-Mask"
2025-11-03 15:41:45,2,
2025-11-03 15:41:45,1,
2025-11-03 15:41:45,2,NO-Safety Vest
2025-11-03 15:41:45,3,"NO-Hardhat, NO-Safety Vest, NO-Hardhat, NO-Hardhat, NO-Safety Vest, NO-Mask, NO-Safety Vest, NO-Mask, NO-Hardhat, NO-Mask"
2025-11-03 15:41:45,1,"NO-Hardhat, NO-Safety Vest, NO-Mask"
2025-11-03 15:41:45,2,
2025-11-03 15:41:45,1,NO-Hardhat
2025-11-03 15:41:45,2,NO-Hardhat
2025-11-03 15:41:45,3,NO-Mask
2025-11-03 15:41:45,4,"NO-Hardhat, NO-Safety Vest"
2025-11-03 15:41:45,1,"NO-Hardhat, NO-Safety Vest, NO-Mask"
2025-11-03 15:41:45,2,
2025-11-03 15:41:45,1,"NO-Hardhat, NO-Safety Vest, NO-Mask"
2025-11-03 15:41:45,2,
2025-11-03 15:41:45,1,
2025-11-03 15:41:45,2,
2025-11-03 15:41:45,3,"NO-Safety Vest, NO-Hardhat, NO-Hardhat, NO-Safety Vest, NO-Hardhat, NO-Safety Vest, NO-Safety Vest, NO-Mask, NO-Hardhat, NO-Mask, NO-Mask"
2025-11-03 15:41:45,1,
2025-11-03 15:41:45,2,
2025-11-03 15:41:45,3,
2025-11-03 15:41:45,4,"NO-Hardhat, NO-Safety Vest, NO-Safety Vest, NO-Hardhat, NO-Mask, NO-Hardhat"
2025-11-03 15:41:45,1,"NO-Hardhat, NO-Safety Vest, NO-Mask"
2025-11-03 15:41:45,2,
2025-11-03 15:41:45,1,"NO-Hardhat, NO-Safety Vest, NO-Mask"
2025-11-03 15:41:45,2,
2025-11-03 15:41:45,1,
2025-11-03 15:41:45,2,"NO-Safety Vest, NO-Mask"
2025-11-03 15:41:45,3,"NO-Mask, NO-Safety Vest, NO-Hardhat"
2025-11-03 15:41:45,1,NO-Safety Vest
2025-11-03 15:41:45,2,
2025-11-03 15:41:45,3,"NO-Hardhat, NO-Safety Vest, NO-Hardhat, NO-Safety Vest, NO-Hardhat, NO-Safety Vest, NO-Mask, NO-Mask, NO-Mask"
2025-11-03 15:41:45,1,"NO-Hardhat, NO-Safety Vest, NO-Mask"
2025-11-03 15:41:45,2,
2025-11-03 15:41:45,1,
2025-11-03 15:41:45,2,"NO-Safety Vest, NO-Mask, NO-Mask, NO-Safety Vest"
2025-11-03 15:41:45,3,NO-Hardhat
2025-11-03 15:41:45,1,"NO-Hardhat, NO-Safety Vest, NO-Mask"
2025-11-03 15:41:45,2,
2025-11-03 15:41:45,1,"NO-Hardhat, NO-Safety Vest, NO-Mask"
2025-11-03 15:41:45,2,
2025-11-03 15:41:45,1,
2025-11-03 15:41:45,2,"NO-Safety Vest, NO-Mask, NO-Mask"
2025-11-03 15:41:45,3,NO-Safety Vest
2025-11-03 15:41:45,1,"NO-Hardhat, NO-Safety Vest"
2025-11-03 15:41:45,2,
2025-11-03 15:41:45,3,"NO-Hardhat, NO-Hardhat, NO-Safety Vest, NO-Mask, NO-Hardhat, NO-Mask, NO-Mask"
2025-11-03 15:41:45,1,"NO-Hardhat, NO-Safety Vest, NO-Mask"
2025-11-03 15:41:45,2,
2025-11-03 15:41:45,3,
2025-11-03 15:41:45,1,
2025-11-03 15:41:45,2,"NO-Safety Vest, NO-Safety Vest, NO-Mask"
2025-11-03 15:41:45,3,"NO-Mask, NO-Hardhat"
2025-11-03 15:41:45,1,"NO-Hardhat, NO-Safety Vest, NO-Mask"
2025-11-03 15:41:45,2,
2025-11-03 15:41:45,1,
2025-11-03 15:41:45,2,"NO-Safety Vest, NO-Hardhat, NO-Safety Vest"
2025-11-03 15:41:45,3,"NO-Hardhat, NO-Hardhat, NO-Safety Vest, NO-Mask, NO-Mask, NO-Hardhat"
2025-11-03 15:41:45,1,"NO-Hardhat, NO-Safety Vest, NO-Mask"
2025-11-03 15:41:45,2,
2025-11-03 15:41:45,1,
2025-11-03 15:41:45,2,
2025-11-03 15:41:45,3,"NO-Safety Vest, NO-Mask, NO-Mask, NO-Hardhat"
2025-11-03 15:41:45,1,"NO-Hardhat, NO-Safety Vest"
2025-11-03 15:41:45,2,
2025-11-03 15:41:46,1,"NO-Hardhat, NO-Safety Vest"
2025-11-03 15:41:46,2,
2025-11-03 15:41:46,3,
2025-11-03 15:41:46,1,
2025-11-03 15:41:46,2,"NO-Safety Vest, NO-Mask"
2025-11-03 15:41:46,3,NO-Mask
2025-11-03 15:41:46,1,"NO-Hardhat, NO-Safety Vest"
2025-11-03 15:41:46,2,NO-Hardhat
2025-11-03 15:41:46,3,"NO-Hardhat, NO-Safety Vest, NO-Safety Vest, NO-Mask"
2025-11-03 15:41:46,1,"NO-Hardhat, NO-Safety Vest"
2025-11-03 15:41:46,2,
2025-11-03 15:41:46,1,"NO-Hardhat, NO-Safety Vest"
2025-11-03 15:41:46,2,
2025-11-03 15:41:46,1,NO-Hardhat
2025-11-03 15:41:46,2,"NO-Safety Vest, NO-Mask"
2025-11-03 15:41:46,3,"NO-Mask, NO-Safety Vest"
2025-11-03 15:41:46,1,"NO-Safety Vest, NO-Hardhat, NO-Safety Vest, NO-Hardhat"
2025-11-03 15:41:46,2,
2025-11-03 15:41:46,3,"NO-Hardhat, NO-Safety Vest, NO-Mask, NO-Safety Vest, NO-Mask"
2025-11-03 15:41:46,1,"NO-Hardhat, NO-Safety Vest"
2025-11-03 15:41:46,2,
2025-11-03 15:41:46,3,
2025-11-03 15:41:46,1,NO-Hardhat
2025-11-03 15:41:46,2,"NO-Safety Vest, NO-Mask"
2025-11-03 15:41:46,3,"NO-Mask, NO-Safety Vest"
2025-11-03 15:41:46,1,"NO-Hardhat, NO-Safety Vest"
2025-11-03 15:41:46,2,
2025-11-03 15:41:46,3,
2025-11-03 15:41:46,1,"NO-Hardhat, NO-Safety Vest"
2025-11-03 15:41:46,2,
2025-11-03 15:41:46,3,NO-Mask
2025-11-03 15:41:46,1,"NO-Hardhat, NO-Safety Vest, NO-Safety Vest, NO-Hardhat"
2025-11-03 15:41:46,2,NO-Hardhat
2025-11-03 15:41:46,3,"NO-Safety Vest, NO-Mask, NO-Mask"
2025-11-03 15:41:46,1,"NO-Hardhat, NO-Hardhat"
2025-11-03 15:41:46,2,"NO-Safety Vest, NO-Mask"
2025-11-03 15:41:46,3,"NO-Safety Vest, NO-Mask"
2025-11-03 15:41:46,1,"NO-Hardhat, NO-Safety Vest"
2025-11-03 15:41:46,2,
2025-11-03 15:41:46,3,NO-Mask
2025-11-03 15:41:46,1,"NO-Hardhat, NO-Safety Vest"
2025-11-03 15:41:46,2,
2025-11-03 15:41:46,3,NO-Mask
2025-11-03 15:41:46,1,NO-Hardhat
2025-11-03 15:41:46,2,NO-Hardhat
2025-11-03 15:41:46,3,"NO-Safety Vest, NO-Mask, NO-Mask, NO-Safety Vest"
2025-11-03 15:41:46,1,"NO-Hardhat, NO-Safety Vest, NO-Hardhat, NO-Safety Vest"
2025-11-03 15:41:46,2,
2025-11-03 15:41:46,3,"NO-Hardhat, NO-Hardhat, NO-Safety Vest, NO-Mask, NO-Mask, NO-Mask"
2025-11-03 15:41:46,1,"NO-Hardhat, NO-Safety Vest"
2025-11-03 15:41:46,2,
2025-11-03 15:41:46,3,NO-Mask
2025-11-03 15:41:46,1,"NO-Hardhat, NO-Hardhat"
2025-11-03 15:41:46,2,
2025-11-03 15:41:46,3,"NO-Safety Vest, NO-Mask, NO-Safety Vest, NO-Mask"
2025-11-03 15:41:46,1,"NO-Hardhat, NO-Safety Vest"
2025-11-03 15:41:46,2,
2025-11-03 15:41:46,3,
2025-11-03 15:41:46,1,"NO-Hardhat, NO-Safety Vest, NO-Hardhat, NO-Safety Vest"
2025-11-03 15:41:46,2,"NO-Hardhat, NO-Hardhat, NO-Mask, NO-Safety Vest, NO-Mask"
2025-11-03 15:41:46,3,NO-Mask
2025-11-03 15:41:46,1,NO-Hardhat
2025-11-03 15:41:46,2,NO-Safety Vest
2025-11-03 15:41:46,3,NO-Mask
2025-11-03 15:41:46,1,"NO-Hardhat, NO-Hardhat"
2025-11-03 15:41:46,2,"NO-Safety Vest, NO-Mask, NO-Safety Vest"
2025-11-03 15:41:46,3,NO-Mask
2025-11-03 15:41:46,1,"NO-Hardhat, NO-Safety Vest"
2025-11-03 15:41:46,2,
2025-11-03 15:41:46,3,NO-Mask
2025-11-03 15:41:46,1,"NO-Hardhat, NO-Safety Vest"
2025-11-03 15:41:46,2,
2025-11-03 15:41:46,3,NO-Mask
2025-11-03 15:41:46,1,"NO-Hardhat, NO-Hardhat"
2025-11-03 15:41:46,2,"NO-Safety Vest, NO-Mask, NO-Safety Vest, NO-Mask"
2025-11-03 15:41:46,3,
2025-11-03 15:41:46,1,"NO-Hardhat, NO-Safety Vest, NO-Safety Vest"
2025-11-03 15:41:46,2,"NO-Hardhat, NO-Hardhat, NO-Hardhat, NO-Mask, NO-Safety Vest, NO-Mask, NO-Mask"
2025-11-03 15:41:46,3,
2025-11-03 15:41:46,1,"NO-Hardhat, NO-Safety Vest"
2025-11-03 15:41:46,2,NO-Mask
2025-11-03 15:41:46,1,"NO-Hardhat, NO-Hardhat"
2025-11-03 15:41:46,2,"NO-Safety Vest, NO-Safety Vest, NO-Mask, NO-Mask"
2025-11-03 15:41:46,3,
2025-11-03 15:41:46,1,"NO-Hardhat, NO-Safety Vest"
2025-11-03 15:41:46,2,NO-Mask
2025-11-03 15:41:46,1,"NO-Safety Vest, NO-Hardhat"
2025-11-03 15:41:46,2,"NO-Hardhat, NO-Hardhat, NO-Mask, NO-Mask, NO-Safety Vest"
2025-11-03 15:41:46,3,NO-Mask
2025-11-03 15:41:47,1,"NO-Hardhat, NO-Safety Vest, NO-Mask"
2025-11-03 15:41:47,2,
2025-11-03 15:41:47,1,"NO-Hardhat, NO-Hardhat"
2025-11-03 15:41:47,2,"NO-Safety Vest, NO-Mask, NO-Safety Vest, NO-Mask"
2025-11-03 15:41:47,3,
2025-11-03 15:41:47,1,"NO-Hardhat, NO-Safety Vest, NO-Mask"
2025-11-03 15:41:47,2,
2025-11-03 15:41:47,3,
2025-11-03 15:41:47,1,"NO-Hardhat, NO-Hardhat"
2025-11-03 15:41:47,2,"NO-Safety Vest, NO-Safety Vest, NO-Mask, NO-Mask"
2025-11-03 15:41:47,3,NO-Safety Vest
2025-11-03 15:41:47,1,"NO-Hardhat, NO-Safety Vest, NO-Mask"
2025-11-03 15:41:47,2,
2025-11-03 15:41:47,3,
2025-11-03 15:41:47,1,
2025-11-03 15:41:47,2,"NO-Safety Vest, NO-Hardhat, NO-Hardhat, NO-Hardhat, NO-Mask, NO-Mask, NO-Safety Vest"
2025-11-03 15:41:47,3,"NO-Mask, NO-Mask"
2025-11-03 15:41:47,1,"NO-Hardhat, NO-Safety Vest, NO-Mask"
2025-11-03 15:41:47,2,
2025-11-03 15:41:47,1,
2025-11-03 15:41:47,2,"NO-Hardhat, NO-Safety Vest, NO-Safety Vest, NO-Safety Vest, NO-Mask, NO-Mask"
2025-11-03 15:41:47,3,
2025-11-03 15:41:47,1,"NO-Hardhat, NO-Safety Vest"
2025-11-03 15:41:47,2,NO-Mask
2025-11-03 15:41:47,1,"NO-Hardhat, NO-Safety Vest, NO-Mask"
2025-11-03 15:41:47,2,
2025-11-03 15:41:47,1,
2025-11-03 15:41:47,2,"NO-Safety Vest, NO-Hardhat, NO-Hardhat, NO-Hardhat, NO-Hardhat"
2025-11-03 15:41:47,3,
2025-11-03 15:41:47,4,"NO-Mask, NO-Mask, NO-Safety Vest, NO-Mask, NO-Mask"
2025-11-03 15:41:47,1,
2025-11-03 15:41:47,2,"NO-Hardhat, NO-Safety Vest, NO-Mask, NO-Safety Vest, NO-Safety Vest"
2025-11-03 15:41:47,3,NO-Mask
2025-11-03 15:41:47,1,"NO-Hardhat, NO-Safety Vest, NO-Mask"
2025-11-03 15:41:47,2,
2025-11-03 15:41:47,1,"NO-Hardhat, NO-Safety Vest, NO-Mask"
2025-11-03 15:41:47,2,
2025-11-03 15:41:47,1,NO-Hardhat
2025-11-03 15:41:47,2,"NO-Mask, NO-Safety Vest, NO-Safety Vest, NO-Safety Vest"
2025-11-03 15:41:47,3,NO-Mask
2025-11-03 15:41:47,1,"NO-Hardhat, NO-Safety Vest, NO-Mask"
2025-11-03 15:41:47,2,
2025-11-03 15:41:47,1,
2025-11-03 15:41:47,2,"NO-Hardhat, NO-Hardhat"
2025-11-03 15:41:47,3,"NO-Hardhat, NO-Mask, NO-Safety Vest, NO-Mask"
2025-11-03 15:41:47,4,
2025-11-03 15:41:47,1,"NO-Hardhat, NO-Safety Vest, NO-Mask"
2025-11-03 15:41:47,2,
2025-11-03 15:41:47,1,NO-Hardhat
2025-11-03 15:41:47,2,"NO-Mask, NO-Safety Vest, NO-Safety Vest, NO-Safety Vest"
2025-11-03 15:41:47,3,NO-Mask
2025-11-03 15:41:47,4,
2025-11-03 15:41:47,1,"NO-Hardhat, NO-Safety Vest, NO-Mask"
2025-11-03 15:41:47,2,
2025-11-03 15:41:47,1,
2025-11-03 15:41:47,2,"NO-Hardhat, NO-Safety Vest, NO-Hardhat"
2025-11-03 15:41:47,3,"NO-Mask, NO-Hardhat"
2025-11-03 15:41:47,4,"NO-Safety Vest, NO-Mask, NO-Mask"
2025-11-03 15:41:47,1,"NO-Hardhat, NO-Safety Vest"
2025-11-03 15:41:47,2,
2025-11-03 15:41:47,3,
2025-11-03 15:41:47,1,"NO-Mask, NO-Hardhat"
2025-11-03 15:41:47,2,"NO-Hardhat, NO-Safety Vest"
2025-11-03 15:41:47,3,
2025-11-03 15:41:47,4,"NO-Mask, NO-Safety Vest"
2025-11-03 15:41:47,1,"NO-Hardhat, NO-Safety Vest"
2025-11-03 15:41:47,2,
2025-11-03 15:41:47,3,NO-Mask
2025-11-03 15:41:47,1,
2025-11-03 15:41:47,2,NO-Hardhat
2025-11-03 15:41:47,3,"NO-Hardhat, NO-Safety Vest, NO-Hardhat, NO-Safety Vest, NO-Mask, NO-Safety Vest, NO-Mask"
2025-11-03 15:41:47,1,"NO-Hardhat, NO-Safety Vest"
2025-11-03 15:41:47,2,
2025-11-03 15:41:47,3,NO-Mask
2025-11-03 15:41:47,1,
2025-11-03 15:41:47,2,"NO-Hardhat, NO-Hardhat, NO-Hardhat, NO-Hardhat, NO-Mask, NO-Mask"
2025-11-03 15:41:47,3,
2025-11-03 15:41:47,4,NO-Mask
2025-11-03 15:41:47,1,"NO-Hardhat, NO-Safety Vest"
2025-11-03 15:41:47,2,
2025-11-03 15:41:47,3,NO-Mask
2025-11-03 15:41:47,1,"NO-Hardhat, NO-Safety Vest"
2025-11-03 15:41:47,2,
2025-11-03 15:41:47,3,"NO-Mask, NO-Mask"
2025-11-03 15:41:47,1,
2025-11-03 15:41:47,2,"NO-Hardhat, NO-Hardhat, NO-Hardhat, NO-Mask, NO-Hardhat, NO-Mask"
2025-11-03 15:41:47,3,
2025-11-03 15:41:47,4,NO-Mask
2025-11-03 15:41:48,1,
2025-11-03 15:41:48,2,
2025-11-03 15:41:48,3,"NO-Hardhat, NO-Hardhat, NO-Safety Vest, NO-Hardhat, NO-Safety Vest, NO-Safety Vest, NO-Hardhat, NO-Mask"
2025-11-03 15:41:48,4,NO-Mask
2025-11-03 15:41:48,1,"NO-Hardhat, NO-Safety Vest"
2025-11-03 15:41:48,2,
2025-11-03 15:41:48,3,"NO-Mask, NO-Mask"
2025-11-03 15:41:48,1,NO-Hardhat
2025-11-03 15:41:48,2,NO-Safety Vest
2025-11-03 15:41:48,3,NO-Mask
2025-11-03 15:41:48,1,
2025-11-03 15:41:48,2,"NO-Mask, NO-Hardhat, NO-Hardhat, NO-Mask"
2025-11-03 15:41:48,3,
2025-11-03 15:41:48,4,NO-Mask
2025-11-03 15:41:48,1,
2025-11-03 15:41:48,2,
2025-11-03 15:41:48,3,"NO-Hardhat, NO-Hardhat, NO-Safety Vest, NO-Hardhat, NO-Safety Vest, NO-Safety Vest"
2025-11-03 15:41:48,4,"NO-Mask, NO-Mask"
2025-11-03 15:41:48,1,NO-Hardhat
2025-11-03 15:41:48,2,NO-Safety Vest
2025-11-03 15:41:48,3,"NO-Mask, NO-Mask"
2025-11-03 15:41:48,1,"NO-Hardhat, NO-Hardhat, NO-Hardhat, NO-Mask"
2025-11-03 15:41:48,2,NO-Hardhat
2025-11-03 15:41:48,3,"NO-Mask, NO-Mask"
2025-11-03 15:41:48,1,NO-Hardhat
2025-11-03 15:41:48,2,"NO-Safety Vest, NO-Mask"
2025-11-03 15:41:48,3,NO-Mask
2025-11-03 15:41:48,1,"NO-Hardhat, NO-Hardhat, NO-Hardhat, NO-Mask"
2025-11-03 15:41:48,2,
2025-11-03 15:41:48,3,"NO-Hardhat, NO-Mask, NO-Mask, NO-Safety Vest"
2025-11-03 15:41:48,4,
2025-11-03 15:41:48,1,NO-Hardhat
2025-11-03 15:41:48,2,"NO-Safety Vest, NO-Mask"
2025-11-03 15:41:48,3,NO-Mask
2025-11-03 15:41:48,1,
2025-11-03 15:41:48,2,"NO-Safety Vest, NO-Hardhat"
2025-11-03 15:41:48,3,"NO-Hardhat, NO-Safety Vest, NO-Safety Vest, NO-Hardhat, NO-Safety Vest"
2025-11-03 15:41:48,4,"NO-Mask, NO-Mask, NO-Hardhat"
2025-11-03 15:41:48,1,NO-Hardhat
2025-11-03 15:41:48,2,"NO-Safety Vest, NO-Mask"
2025-11-03 15:41:48,3,NO-Mask
2025-11-03 15:41:48,1,NO-Hardhat
2025-11-03 15:41:48,2,"NO-Safety Vest, NO-Mask"
2025-11-03 15:41:48,3,NO-Mask
2025-11-03 15:41:48,1,"NO-Hardhat, NO-Hardhat, NO-Hardhat"
2025-11-03 15:41:48,2,
2025-11-03 15:41:48,3,"NO-Hardhat, NO-Mask, NO-Mask, NO-Mask, NO-Safety Vest"
2025-11-03 15:41:48,1,
2025-11-03 15:41:48,2,"NO-Safety Vest, NO-Hardhat"
2025-11-03 15:41:48,3,"NO-Hardhat, NO-Safety Vest, NO-Safety Vest, NO-Hardhat, NO-Safety Vest, NO-Mask"
2025-11-03 15:41:48,4,NO-Mask
2025-11-03 15:41:48,1,NO-Hardhat
2025-11-03 15:41:48,2,"NO-Safety Vest, NO-Mask"
2025-11-03 15:41:48,3,NO-Mask
2025-11-03 15:41:48,1,"NO-Hardhat, NO-Hardhat, NO-Hardhat"
2025-11-03 15:41:48,2,
2025-11-03 15:41:48,3,"NO-Mask, NO-Hardhat, NO-Safety Vest, NO-Mask, NO-Mask"
2025-11-03 15:41:48,1,NO-Hardhat
2025-11-03 15:41:48,2,NO-Safety Vest
2025-11-03 15:41:48,3,NO-Mask
2025-11-03 15:41:48,1,NO-Hardhat
2025-11-03 15:41:48,2,"NO-Safety Vest, NO-Mask"
2025-11-03 15:41:48,1,
2025-11-03 15:41:48,2,"NO-Safety Vest, NO-Hardhat, NO-Safety Vest"
2025-11-03 15:41:48,3,"NO-Hardhat, NO-Safety Vest, NO-Safety Vest, NO-Hardhat, NO-Hardhat"
2025-11-03 15:41:48,4,NO-Mask
2025-11-03 15:41:48,1,"NO-Hardhat, NO-Hardhat"
2025-11-03 15:41:48,2,"NO-Hardhat, NO-Mask, NO-Hardhat"
2025-11-03 15:41:48,3,NO-Mask
2025-11-03 15:41:48,4,NO-Mask
2025-11-03 15:41:48,1,NO-Hardhat
2025-11-03 15:41:48,2,"NO-Safety Vest, NO-Mask"
2025-11-03 15:41:48,1,NO-Hardhat
2025-11-03 15:41:48,2,"NO-Safety Vest, NO-Mask"
2025-11-03 15:41:48,1,NO-Safety Vest
2025-11-03 15:41:48,2,"NO-Hardhat, NO-Safety Vest"
2025-11-03 15:41:48,3,"NO-Safety Vest, NO-Hardhat, NO-Safety Vest, NO-Hardhat, NO-Mask"
2025-11-03 15:41:48,4,
2025-11-03 15:41:48,1,
2025-11-03 15:41:48,2,"NO-Hardhat, NO-Hardhat, NO-Hardhat, NO-Mask"
2025-11-03 15:41:48,3,NO-Hardhat
2025-11-03 15:41:48,4,NO-Mask
2025-11-03 15:41:48,1,NO-Hardhat
2025-11-03 15:41:48,2,"NO-Safety Vest, NO-Mask"
2025-11-03 15:41:48,1,
2025-11-03 15:41:48,2,"NO-Hardhat, NO-Safety Vest, NO-Mask"
2025-11-03 15:41:48,1,
2025-11-03 15:41:48,2,"NO-Hardhat, NO-Hardhat, NO-Hardhat, NO-Mask, NO-Hardhat"
2025-11-03 15:41:48,3,NO-Mask
2025-11-03 15:41:48,4,
2025-11-03 15:41:48,1,NO-Safety Vest
2025-11-03 15:41:48,2,"NO-Hardhat, NO-Safety Vest"
2025-11-03 15:41:48,3,"NO-Hardhat, NO-Safety Vest"
2025-11-03 15:41:48,4,"NO-Safety Vest, NO-Hardhat, NO-Mask, NO-Mask"
2025-11-03 15:41:49,1,NO-Hardhat
2025-11-03 15:41:49,2,"NO-Safety Vest, NO-Mask"
2025-11-03 15:41:49,1,NO-Hardhat
2025-11-03 15:41:49,2,"NO-Safety Vest, NO-Mask"
2025-11-03 15:41:49,1,
2025-11-03 15:41:49,2,"NO-Hardhat, NO-Hardhat, NO-Mask, NO-Hardhat"
2025-11-03 15:41:49,3,NO-Hardhat
2025-11-03 15:41:49,4,NO-Mask
2025-11-03 15:41:49,1,
2025-11-03 15:41:49,2,"NO-Hardhat, NO-Safety Vest, NO-Mask"
2025-11-03 15:41:49,1,NO-Safety Vest
2025-11-03 15:41:49,2,NO-Hardhat
2025-11-03 15:41:49,3,"NO-Safety Vest, NO-Hardhat"
2025-11-03 15:41:49,4,"NO-Safety Vest, NO-Hardhat, NO-Safety Vest, NO-Mask, NO-Hardhat, NO-Mask"
2025-11-03 15:41:49,1,NO-Hardhat
2025-11-03 15:41:49,2,"NO-Safety Vest, NO-Mask"
2025-11-03 15:41:49,1,
2025-11-03 15:41:49,2,"NO-Hardhat, NO-Hardhat, NO-Hardhat, NO-Mask"
2025-11-03 15:41:49,3,
2025-11-03 15:41:49,4,"NO-Hardhat, NO-Mask, NO-Safety Vest"
2025-11-03 15:41:49,1,
2025-11-03 15:41:49,2,"NO-Hardhat, NO-Safety Vest, NO-Mask"
2025-11-03 15:41:49,1,
2025-11-03 15:41:49,2,"NO-Hardhat, NO-Safety Vest, NO-Mask"
2025-11-03 15:41:49,1,
2025-11-03 15:41:49,2,"NO-Hardhat, NO-Hardhat, NO-Mask"
2025-11-03 15:41:49,3,
2025-11-03 15:41:49,4,"NO-Hardhat, NO-Mask"
2025-11-03 15:41:49,1,"NO-Safety Vest, NO-Hardhat"
2025-11-03 15:41:49,2,
2025-11-03 15:41:49,3,"NO-Safety Vest, NO-Hardhat, NO-Safety Vest"
2025-11-03 15:41:49,4,"NO-Hardhat, NO-Safety Vest, NO-Mask, NO-Hardhat, NO-Mask, NO-Mask"
2025-11-03 15:41:49,1,
2025-11-03 15:41:49,2,"NO-Hardhat, NO-Safety Vest, NO-Mask"
2025-11-03 15:41:49,1,
2025-11-03 15:41:49,2,"NO-Hardhat, NO-Safety Vest, NO-Mask"
2025-11-03 15:41:49,1,NO-Hardhat
2025-11-03 15:41:49,2,"NO-Hardhat, NO-Mask"
2025-11-03 15:41:49,3,
2025-11-03 15:41:49,4,"NO-Hardhat, NO-Mask"
2025-11-03 15:41:49,1,NO-Hardhat
2025-11-03 15:41:49,2,"NO-Safety Vest, NO-Mask"
2025-11-03 15:41:49,1,"NO-Safety Vest, NO-Hardhat, NO-Safety Vest, NO-Hardhat, NO-Hardhat"
2025-11-03 15:41:49,2,
2025-11-03 15:41:49,3,NO-Safety Vest
2025-11-03 15:41:49,4,"NO-Safety Vest, NO-Mask, NO-Mask, NO-Mask, NO-Hardhat"
2025-11-03 15:41:49,1,NO-Hardhat
2025-11-03 15:41:49,2,"NO-Safety Vest, NO-Mask, NO-Mask"
2025-11-03 15:41:49,1,"NO-Hardhat, NO-Hardhat"
2025-11-03 15:41:49,2,
2025-11-03 15:41:49,3,NO-Mask
2025-11-03 15:41:49,4,"NO-Hardhat, NO-Mask, NO-Mask"
2025-11-03 15:41:49,1,NO-Hardhat
2025-11-03 15:41:49,2,"NO-Safety Vest, NO-Mask, NO-Mask"
2025-11-03 15:41:49,1,
2025-11-03 15:41:49,2,"NO-Safety Vest, NO-Hardhat, NO-Safety Vest, NO-Hardhat"
2025-11-03 15:41:49,3,"NO-Hardhat, NO-Mask"
2025-11-03 15:41:49,4,"NO-Safety Vest, NO-Mask, NO-Mask"
2025-11-03 15:41:49,1,"NO-Hardhat, NO-Hardhat"
2025-11-03 15:41:49,2,NO-Hardhat
2025-11-03 15:41:49,3,
2025-11-03 15:41:49,4,"NO-Mask, NO-Hardhat, NO-Mask, NO-Mask"
2025-11-03 15:41:49,1,NO-Hardhat
2025-11-03 15:41:49,2,"NO-Safety Vest, NO-Mask, NO-Mask"
2025-11-03 15:41:49,1,NO-Hardhat
2025-11-03 15:41:49,2,"NO-Safety Vest, NO-Mask, NO-Mask"
2025-11-03 15:41:49,1,NO-Hardhat
2025-11-03 15:41:49,2,NO-Hardhat
2025-11-03 15:41:49,3,
2025-11-03 15:41:49,4,"NO-Mask, NO-Mask, NO-Hardhat, NO-Mask"
2025-11-03 15:41:49,1,NO-Hardhat
2025-11-03 15:41:49,2,"NO-Safety Vest, NO-Mask, NO-Mask"
2025-11-03 15:41:49,1,"NO-Safety Vest, NO-Hardhat"
2025-11-03 15:41:49,2,"NO-Safety Vest, NO-Hardhat"
2025-11-03 15:41:49,3,"NO-Hardhat, NO-Mask, NO-Safety Vest, NO-Mask, NO-Hardhat, NO-Mask"
2025-11-03 15:41:49,1,NO-Hardhat
2025-11-03 15:41:49,2,"NO-Safety Vest, NO-Mask, NO-Mask"
2025-11-03 15:41:49,1,
2025-11-03 15:41:49,2,"NO-Hardhat, NO-Hardhat"
2025-11-03 15:41:49,3,
2025-11-03 15:41:49,4,"NO-Mask, NO-Mask, NO-Mask, NO-Mask, NO-Hardhat"
2025-11-03 15:41:49,1,NO-Hardhat
2025-11-03 15:41:49,2,"NO-Safety Vest, NO-Mask, NO-Mask"
2025-11-03 15:41:50,1,NO-Safety Vest
2025-11-03 15:41:50,2,"NO-Hardhat, NO-Safety Vest, NO-Hardhat, NO-Hardhat"
2025-11-03 15:41:50,3,"NO-Safety Vest, NO-Mask, NO-Hardhat"
2025-11-03 15:41:50,4,
2025-11-03 15:41:50,1,NO-Hardhat
2025-11-03 15:41:50,2,"NO-Safety Vest, NO-Mask, NO-Mask"
2025-11-03 15:41:50,1,
2025-11-03 15:41:50,2,"NO-Hardhat, NO-Hardhat"
2025-11-03 15:41:50,3,
2025-11-03 15:41:50,4,"NO-Mask, NO-Mask, NO-Mask, NO-Mask"
2025-11-03 15:41:50,1,
2025-11-03 15:41:50,2,"NO-Safety Vest, NO-Hardhat, NO-Hardhat"
2025-11-03 15:41:50,3,"NO-Hardhat, NO-Safety Vest"
2025-11-03 15:41:50,1,NO-Hardhat
2025-11-03 15:41:50,2,"NO-Safety Vest, NO-Mask, NO-Mask"
2025-11-03 15:41:50,1,
2025-11-03 15:41:50,2,
2025-11-03 15:41:50,3,"NO-Hardhat, NO-Hardhat"
2025-11-03 15:41:50,4,"NO-Mask, NO-Mask, NO-Mask, NO-Mask"
2025-11-03 15:41:50,1,NO-Hardhat
2025-11-03 15:41:50,2,"NO-Safety Vest, NO-Mask, NO-Mask"
2025-11-03 15:41:50,1,
2025-11-03 15:41:50,2,
2025-11-03 15:41:50,3,"NO-Safety Vest, NO-Hardhat, NO-Hardhat, NO-Hardhat, NO-Mask, NO-Mask, NO-Hardhat, NO-Safety Vest"
2025-11-03 15:41:50,1,NO-Hardhat
2025-11-03 15:41:50,2,"NO-Safety Vest, NO-Mask, NO-Mask"
2025-11-03 15:41:50,1,
2025-11-03 15:41:50,2,
2025-11-03 15:41:50,3,"NO-Hardhat, NO-Hardhat, NO-Mask"
2025-11-03 15:41:50,4,"NO-Mask, NO-Mask"
2025-11-03 15:41:50,1,NO-Hardhat
2025-11-03 15:41:50,2,"NO-Safety Vest, NO-Mask, NO-Mask"
2025-11-03 15:41:50,1,NO-Hardhat
2025-11-03 15:41:50,2,
2025-11-03 15:41:50,3,NO-Hardhat
2025-11-03 15:41:50,4,"NO-Mask, NO-Mask, NO-Mask"
2025-11-03 15:41:50,1,NO-Safety Vest
2025-11-03 15:41:50,2,NO-Safety Vest
2025-11-03 15:41:50,3,"NO-Hardhat, NO-Hardhat, NO-Hardhat, NO-Mask, NO-Mask, NO-Hardhat"
2025-11-03 15:41:50,4,
2025-11-03 15:41:50,1,NO-Hardhat
2025-11-03 15:41:50,2,"NO-Safety Vest, NO-Mask, NO-Mask"
2025-11-03 15:41:50,1,
2025-11-03 15:41:50,2,"NO-Hardhat, NO-Hardhat"
2025-11-03 15:41:50,3,
2025-11-03 15:41:50,4,"NO-Mask, NO-Mask, NO-Mask, NO-Hardhat"
2025-11-03 15:41:50,1,NO-Hardhat
2025-11-03 15:41:50,2,"NO-Safety Vest, NO-Mask, NO-Mask"
2025-11-03 15:41:50,1,"NO-Safety Vest, NO-Hardhat"
2025-11-03 15:41:50,2,NO-Hardhat
2025-11-03 15:41:50,3,"NO-Hardhat, NO-Mask"
2025-11-03 15:41:50,4,"NO-Mask, NO-Safety Vest"
2025-11-03 15:41:50,1,NO-Hardhat
2025-11-03 15:41:50,2,"NO-Safety Vest, NO-Mask, NO-Mask"
2025-11-03 15:41:50,1,
2025-11-03 15:41:50,2,"NO-Hardhat, NO-Hardhat"
2025-11-03 15:41:50,3,
2025-11-03 15:41:50,4,"NO-Mask, NO-Mask, NO-Mask, NO-Hardhat"
2025-11-03 15:41:50,1,NO-Hardhat
2025-11-03 15:41:50,2,"NO-Safety Vest, NO-Mask, NO-Mask"
2025-11-03 15:41:50,1,NO-Hardhat
2025-11-03 15:41:50,2,"NO-Safety Vest, NO-Mask, NO-Mask"
2025-11-03 15:41:50,1,
2025-11-03 15:41:50,2,"NO-Hardhat, NO-Hardhat, NO-Hardhat"
2025-11-03 15:41:50,3,"NO-Mask, NO-Mask, NO-Hardhat"
2025-11-03 15:41:50,4,NO-Safety Vest
2025-11-03 15:41:50,1,
2025-11-03 15:41:50,2,"NO-Hardhat, NO-Hardhat"
2025-11-03 15:41:50,3,NO-Mask
2025-11-03 15:41:50,4,"NO-Mask, NO-Mask, NO-Hardhat"
2025-11-03 15:41:50,1,NO-Hardhat
2025-11-03 15:41:50,2,"NO-Safety Vest, NO-Mask, NO-Mask"
2025-11-03 15:41:50,1,"NO-Hardhat, NO-Hardhat, NO-Hardhat"
2025-11-03 15:41:50,2,NO-Mask
2025-11-03 15:41:50,1,NO-Hardhat
2025-11-03 15:41:50,2,"NO-Safety Vest, NO-Mask, NO-Mask"
2025-11-03 15:41:50,1,NO-Hardhat
2025-11-03 15:41:50,2,NO-Hardhat
2025-11-03 15:41:50,3,NO-Mask
2025-11-03 15:41:50,4,"NO-Mask, NO-Mask, NO-Hardhat"
2025-11-03 15:41:50,1,"NO-Hardhat, NO-Hardhat, NO-Hardhat"
2025-11-03 15:41:50,2,"NO-Mask, NO-Mask"
2025-11-03 15:41:51,1,NO-Hardhat
2025-11-03 15:41:51,2,"NO-Safety Vest, NO-Mask, NO-Mask"
2025-11-03 15:41:51,1,NO-Hardhat
2025-11-03 15:41:51,2,NO-Hardhat
2025-11-03 15:41:51,3,
2025-11-03 15:41:51,4,"NO-Mask, NO-Mask, NO-Mask, NO-Hardhat"
2025-11-03 15:41:51,1,NO-Hardhat
2025-11-03 15:41:51,2,"NO-Safety Vest, NO-Mask, NO-Mask"
2025-11-03 15:41:51,1,"NO-Safety Vest, NO-Hardhat, NO-Hardhat, NO-Hardhat"
2025-11-03 15:41:51,2,NO-Mask
2025-11-03 15:41:51,1,NO-Hardhat
2025-11-03 15:41:51,2,"NO-Safety Vest, NO-Mask, NO-Mask"
2025-11-03 15:41:51,1,"NO-Hardhat, NO-Hardhat"
2025-11-03 15:41:51,2,
2025-11-03 15:41:51,3,NO-Mask
2025-11-03 15:41:51,4,"NO-Mask, NO-Hardhat, NO-Mask"
2025-11-03 15:41:51,1,NO-Hardhat
2025-11-03 15:41:51,2,"NO-Safety Vest, NO-Mask"
2025-11-03 15:41:51,1,
2025-11-03 15:41:51,2,"NO-Safety Vest, NO-Hardhat, NO-Hardhat, NO-Hardhat"
2025-11-03 15:41:51,3,"NO-Mask, NO-Mask, NO-Hardhat"
2025-11-03 15:41:51,1,NO-Hardhat
2025-11-03 15:41:51,2,NO-Hardhat
2025-11-03 15:41:51,3,NO-Mask
2025-11-03 15:41:51,4,"NO-Mask, NO-Mask"
2025-11-03 15:41:51,1,"NO-Hardhat, NO-Safety Vest"
2025-11-03 15:41:51,2,NO-Mask
2025-11-03 15:41:51,1,"NO-Hardhat, NO-Safety Vest"
2025-11-03 15:41:51,2,NO-Mask
2025-11-03 15:41:51,1,"NO-Hardhat, NO-Hardhat, NO-Hardhat"
2025-11-03 15:41:51,2,
2025-11-03 15:41:51,3,NO-Mask
2025-11-03 15:41:51,4,"NO-Mask, NO-Mask"
2025-11-03 15:41:51,1,"NO-Hardhat, NO-Hardhat"
2025-11-03 15:41:51,2,"NO-Hardhat, NO-Safety Vest, NO-Mask, NO-Safety Vest, NO-Mask"
2025-11-03 15:41:51,3,
2025-11-03 15:41:51,1,"NO-Hardhat, NO-Safety Vest"
2025-11-03 15:41:51,2,NO-Mask
2025-11-03 15:41:51,1,"NO-Hardhat, NO-Safety Vest"
2025-11-03 15:41:51,2,NO-Mask
2025-11-03 15:41:51,1,NO-Hardhat
2025-11-03 15:41:51,2,NO-Hardhat
2025-11-03 15:41:51,3,"NO-Hardhat, NO-Mask"
2025-11-03 15:41:51,4,"NO-Mask, NO-Mask"
2025-11-03 15:41:51,1,"NO-Hardhat, NO-Safety Vest"
2025-11-03 15:41:51,2,NO-Mask
2025-11-03 15:41:51,1,"NO-Hardhat, NO-Hardhat, NO-Hardhat, NO-Safety Vest"
2025-11-03 15:41:51,2,"NO-Mask, NO-Mask"
2025-11-03 15:41:51,1,"NO-Safety Vest, NO-Hardhat"
2025-11-03 15:41:51,2,NO-Mask
2025-11-03 15:41:51,1,NO-Hardhat
2025-11-03 15:41:51,2,NO-Hardhat
2025-11-03 15:41:51,3,"NO-Hardhat, NO-Mask"
2025-11-03 15:41:51,4,"NO-Mask, NO-Mask, NO-Safety Vest, NO-Hardhat"
2025-11-03 15:41:51,1,"NO-Hardhat, NO-Safety Vest"
2025-11-03 15:41:51,2,"NO-Mask, NO-Mask"
2025-11-03 15:41:51,1,"NO-Hardhat, NO-Hardhat, NO-Hardhat, NO-Safety Vest, NO-Mask"
2025-11-03 15:41:51,2,
2025-11-03 15:41:51,1,"NO-Hardhat, NO-Safety Vest"
2025-11-03 15:41:51,2,"NO-Mask, NO-Mask"
2025-11-03 15:41:51,1,"NO-Hardhat, NO-Hardhat, NO-Safety Vest, NO-Mask"
2025-11-03 15:41:51,2,
2025-11-03 15:41:51,1,
2025-11-03 15:41:51,2,"NO-Hardhat, NO-Hardhat"
2025-11-03 15:41:51,3,"NO-Mask, NO-Hardhat"
2025-11-03 15:41:51,4,"NO-Mask, NO-Mask, NO-Safety Vest, NO-Hardhat"
2025-11-03 15:41:51,1,
2025-11-03 15:41:51,2,"NO-Hardhat, NO-Safety Vest, NO-Mask, NO-Mask"
2025-11-03 15:41:51,1,
2025-11-03 15:41:51,2,"NO-Safety Vest, NO-Hardhat, NO-Mask"
2025-11-03 15:41:51,1,"NO-Hardhat, NO-Hardhat, NO-Safety Vest, NO-Mask"
2025-11-03 15:41:51,1,NO-Hardhat
2025-11-03 15:41:51,2,NO-Safety Vest
2025-11-03 15:41:52,1,
2025-11-03 15:41:52,2,"NO-Hardhat, NO-Hardhat, NO-Mask"
2025-11-03 15:41:52,3,NO-Hardhat
2025-11-03 15:41:52,4,"NO-Safety Vest, NO-Mask, NO-Mask, NO-Hardhat"
2025-11-03 15:41:52,1,"NO-Hardhat, NO-Safety Vest"
2025-11-03 15:41:52,2,NO-Mask
2025-11-03 15:41:52,1,"NO-Hardhat, NO-Safety Vest"
2025-11-03 15:41:52,2,NO-Mask
2025-11-03 15:41:52,1,"NO-Hardhat, NO-Safety Vest, NO-Mask"
2025-11-03 15:41:52,2,
2025-11-03 15:41:52,1,
2025-11-03 15:41:52,2,"NO-Hardhat, NO-Hardhat, NO-Mask"
2025-11-03 15:41:52,3,"NO-Hardhat, NO-Safety Vest"
2025-11-03 15:41:52,4,"NO-Hardhat, NO-Mask, NO-Mask"
2025-11-03 15:41:52,1,"NO-Hardhat, NO-Mask, NO-Safety Vest"
2025-11-03 15:41:52,1,"NO-Hardhat, NO-Mask, NO-Safety Vest"
2025-11-03 15:41:52,1,
2025-11-03 15:41:52,2,"NO-Hardhat, NO-Hardhat, NO-Mask"
2025-11-03 15:41:52,3,NO-Hardhat
2025-11-03 15:41:52,4,"NO-Safety Vest, NO-Hardhat, NO-Mask, NO-Mask"
2025-11-03 15:41:52,1,"NO-Hardhat, NO-Safety Vest, NO-Mask, NO-Safety Vest"
2025-11-03 15:41:52,1,"NO-Hardhat, NO-Mask, NO-Safety Vest"
2025-11-03 15:41:52,1,"NO-Hardhat, NO-Mask"
2025-11-03 15:41:52,1,
2025-11-03 15:41:52,2,
2025-11-03 15:41:52,3,"NO-Hardhat, NO-Hardhat, NO-Mask, NO-Hardhat, NO-Safety Vest"
2025-11-03 15:41:52,4,"NO-Hardhat, NO-Mask, NO-Mask"
2025-11-03 15:41:52,1,
2025-11-03 15:41:52,2,NO-Hardhat
2025-11-03 15:41:52,1,"NO-Hardhat, NO-Mask, NO-Mask"
2025-11-03 15:41:52,1,"NO-Hardhat, NO-Mask"
2025-11-03 15:41:52,1,"NO-Hardhat, NO-Mask"
2025-11-03 15:41:52,1,NO-Mask
2025-11-03 15:41:52,2,
2025-11-03 15:41:52,3,
2025-11-03 15:41:52,1,
2025-11-03 15:41:52,2,
2025-11-03 15:41:52,3,"NO-Hardhat, NO-Hardhat, NO-Mask, NO-Hardhat, NO-Safety Vest"
2025-11-03 15:41:52,4,"NO-Hardhat, NO-Mask, NO-Mask"
2025-11-03 15:41:52,1,"NO-Hardhat, NO-Mask, NO-Safety Vest"
2025-11-03 15:41:52,1,"NO-Hardhat, NO-Mask"
2025-11-03 15:41:52,1,"NO-Hardhat, NO-Mask"
2025-11-03 15:41:52,1,"NO-Hardhat, NO-Safety Vest, NO-Mask, NO-Mask"
2025-11-03 15:41:52,2,
2025-11-03 15:41:52,1,NO-Safety Vest
2025-11-03 15:41:52,2,NO-Hardhat
2025-11-03 15:41:52,3,"NO-Hardhat, NO-Mask, NO-Hardhat, NO-Safety Vest"
2025-11-03 15:41:52,4,"NO-Hardhat, NO-Mask, NO-Mask"
2025-11-03 15:41:52,1,"NO-Hardhat, NO-Mask"
2025-11-03 15:41:52,1,"NO-Hardhat, NO-Mask"
2025-11-03 15:41:52,1,"NO-Hardhat, NO-Hardhat, NO-Hardhat, NO-Mask, NO-Mask, NO-Safety Vest"
2025-11-03 15:41:52,2,
2025-11-03 15:41:52,1,"NO-Hardhat, NO-Mask"
2025-11-03 15:41:52,1,"NO-Safety Vest, NO-Hardhat"
2025-11-03 15:41:52,2,NO-Hardhat
2025-11-03 15:41:52,3,"NO-Hardhat, NO-Safety Vest, NO-Mask"
2025-11-03 15:41:52,4,"NO-Hardhat, NO-Mask, NO-Mask"
2025-11-03 15:41:52,1,"NO-Hardhat, NO-Mask"
2025-11-03 15:41:52,1,"NO-Hardhat, NO-Mask"
2025-11-03 15:41:52,1,"NO-Hardhat, NO-Hardhat"
2025-11-03 15:41:52,2,"NO-Hardhat, NO-Mask, NO-Safety Vest, NO-Mask, NO-Hardhat"
2025-11-03 15:41:52,1,"NO-Safety Vest, NO-Hardhat, NO-Hardhat"
2025-11-03 15:41:52,2,"NO-Safety Vest, NO-Hardhat, NO-Mask"
2025-11-03 15:41:52,3,NO-Hardhat
2025-11-03 15:41:52,4,"NO-Mask, NO-Mask, NO-Mask"
